iteration,seed,time_ms,algorithmEI,op1,op2,op3,op4,nodesExpanded,validInicial,validFinal,heurFunction,heurIni,heurFi,costIni,costFi,dailyProfitIni,dailyProfitFi,profitIni,profitFi,AssignedPetitionsIni,AssignedPetitionsFi,trucksUsedIni,trucksUsedFi,totalKmIni,totalKmFi
0,1234,2370,Aleatorio,true,false,false,false,78,true,true,Avanzada,-95804.0,-104868.0,12524.0,5440.0,73360.0,73000.0,122000.0,122360.0,75,75,10,10,6262,2720
0,1234,2247,Aleatorio,true,false,false,false,97,true,true,Basica,-109476.0,-118922.0,12524.0,3368.0,73360.0,73070.0,122000.0,122290.0,75,75,10,10,6262,1684
0,1234,1747,Aleatorio,true,false,false,false,78,true,true,Avanzada,-95804.0,-104868.0,12524.0,5440.0,73360.0,73000.0,122000.0,122360.0,75,75,10,10,6262,2720
0,1234,2059,Aleatorio,true,false,false,false,97,true,true,Basica,-109476.0,-118922.0,12524.0,3368.0,73360.0,73070.0,122000.0,122290.0,75,75,10,10,6262,1684
0,1234,1864,Aleatorio,true,false,false,false,78,true,true,Avanzada,-95804.0,-104868.0,12524.0,5440.0,73360.0,73000.0,122000.0,122360.0,75,75,10,10,6262,2720
0,1234,2140,Aleatorio,true,false,false,false,97,true,true,Basica,-109476.0,-118922.0,12524.0,3368.0,73360.0,73070.0,122000.0,122290.0,75,75,10,10,6262,1684
0,1234,1703,Aleatorio,true,false,false,false,78,true,true,Avanzada,-95804.0,-104868.0,12524.0,5440.0,73360.0,73000.0,122000.0,122360.0,75,75,10,10,6262,2720
0,1234,2323,Aleatorio,true,false,false,false,97,true,true,Basica,-109476.0,-118922.0,12524.0,3368.0,73360.0,73070.0,122000.0,122290.0,75,75,10,10,6262,1684
0,1234,1869,Aleatorio,true,false,false,false,78,true,true,Avanzada,-95804.0,-104868.0,12524.0,5440.0,73360.0,73000.0,122000.0,122360.0,75,75,10,10,6262,2720
0,1234,2142,Aleatorio,true,false,false,false,97,true,true,Basica,-109476.0,-118922.0,12524.0,3368.0,73360.0,73070.0,122000.0,122290.0,75,75,10,10,6262,1684
0,1234,29,Aleatorio,false,true,false,false,6,true,true,Avanzada,-95804.0,-97302.0,12524.0,12648.0,73360.0,78110.0,122000.0,122250.0,75,80,10,10,6262,6324
0,1234,24,Aleatorio,false,true,false,false,6,true,true,Basica,-109476.0,-109624.0,12524.0,12576.0,73360.0,78160.0,122000.0,122200.0,75,80,10,10,6262,6288
0,1234,28,Aleatorio,false,true,false,false,6,true,true,Avanzada,-95804.0,-97302.0,12524.0,12648.0,73360.0,78110.0,122000.0,122250.0,75,80,10,10,6262,6324
0,1234,27,Aleatorio,false,true,false,false,6,true,true,Basica,-109476.0,-109624.0,12524.0,12576.0,73360.0,78160.0,122000.0,122200.0,75,80,10,10,6262,6288
0,1234,26,Aleatorio,false,true,false,false,6,true,true,Avanzada,-95804.0,-97302.0,12524.0,12648.0,73360.0,78110.0,122000.0,122250.0,75,80,10,10,6262,6324
0,1234,27,Aleatorio,false,true,false,false,6,true,true,Basica,-109476.0,-109624.0,12524.0,12576.0,73360.0,78160.0,122000.0,122200.0,75,80,10,10,6262,6288
0,1234,26,Aleatorio,false,true,false,false,6,true,true,Avanzada,-95804.0,-97302.0,12524.0,12648.0,73360.0,78110.0,122000.0,122250.0,75,80,10,10,6262,6324
0,1234,29,Aleatorio,false,true,false,false,6,true,true,Basica,-109476.0,-109624.0,12524.0,12576.0,73360.0,78160.0,122000.0,122200.0,75,80,10,10,6262,6288
0,1234,27,Aleatorio,false,true,false,false,6,true,true,Avanzada,-95804.0,-97302.0,12524.0,12648.0,73360.0,78110.0,122000.0,122250.0,75,80,10,10,6262,6324
0,1234,26,Aleatorio,false,true,false,false,6,true,true,Basica,-109476.0,-109624.0,12524.0,12576.0,73360.0,78160.0,122000.0,122200.0,75,80,10,10,6262,6288
0,1234,75,Aleatorio,false,false,true,false,26,true,true,Avanzada,-95804.0,-99716.0,12524.0,8612.0,73360.0,73360.0,122000.0,122000.0,75,75,10,9,6262,4306
0,1234,65,Aleatorio,false,false,true,false,26,true,true,Basica,-109476.0,-113388.0,12524.0,8612.0,73360.0,73360.0,122000.0,122000.0,75,75,10,9,6262,4306
0,1234,71,Aleatorio,false,false,true,false,26,true,true,Avanzada,-95804.0,-99716.0,12524.0,8612.0,73360.0,73360.0,122000.0,122000.0,75,75,10,9,6262,4306
0,1234,65,Aleatorio,false,false,true,false,26,true,true,Basica,-109476.0,-113388.0,12524.0,8612.0,73360.0,73360.0,122000.0,122000.0,75,75,10,9,6262,4306
0,1234,68,Aleatorio,false,false,true,false,26,true,true,Avanzada,-95804.0,-99716.0,12524.0,8612.0,73360.0,73360.0,122000.0,122000.0,75,75,10,9,6262,4306
0,1234,62,Aleatorio,false,false,true,false,26,true,true,Basica,-109476.0,-113388.0,12524.0,8612.0,73360.0,73360.0,122000.0,122000.0,75,75,10,9,6262,4306
0,1234,67,Aleatorio,false,false,true,false,26,true,true,Avanzada,-95804.0,-99716.0,12524.0,8612.0,73360.0,73360.0,122000.0,122000.0,75,75,10,9,6262,4306
0,1234,61,Aleatorio,false,false,true,false,26,true,true,Basica,-109476.0,-113388.0,12524.0,8612.0,73360.0,73360.0,122000.0,122000.0,75,75,10,9,6262,4306
0,1234,67,Aleatorio,false,false,true,false,26,true,true,Avanzada,-95804.0,-99716.0,12524.0,8612.0,73360.0,73360.0,122000.0,122000.0,75,75,10,9,6262,4306
0,1234,62,Aleatorio,false,false,true,false,26,true,true,Basica,-109476.0,-113388.0,12524.0,8612.0,73360.0,73360.0,122000.0,122000.0,75,75,10,9,6262,4306
0,1234,2180,Aleatorio,true,false,true,true,81,true,true,Avanzada,-95804.0,-105960.0,12524.0,4368.0,73360.0,72960.0,122000.0,122400.0,75,75,10,10,6262,2184
0,1234,2341,Aleatorio,true,false,true,true,81,true,true,Basica,-109476.0,-119194.0,12524.0,3156.0,73360.0,73010.0,122000.0,122350.0,75,75,10,9,6262,1578
0,1234,2337,Aleatorio,true,false,true,true,81,true,true,Avanzada,-95804.0,-105960.0,12524.0,4368.0,73360.0,72960.0,122000.0,122400.0,75,75,10,10,6262,2184
0,1234,1995,Aleatorio,true,false,true,true,81,true,true,Basica,-109476.0,-119194.0,12524.0,3156.0,73360.0,73010.0,122000.0,122350.0,75,75,10,9,6262,1578
0,1234,2197,Aleatorio,true,false,true,true,81,true,true,Avanzada,-95804.0,-105960.0,12524.0,4368.0,73360.0,72960.0,122000.0,122400.0,75,75,10,10,6262,2184
0,1234,2013,Aleatorio,true,false,true,true,81,true,true,Basica,-109476.0,-119194.0,12524.0,3156.0,73360.0,73010.0,122000.0,122350.0,75,75,10,9,6262,1578
0,1234,2088,Aleatorio,true,false,true,true,81,true,true,Avanzada,-95804.0,-105960.0,12524.0,4368.0,73360.0,72960.0,122000.0,122400.0,75,75,10,10,6262,2184
0,1234,1982,Aleatorio,true,false,true,true,81,true,true,Basica,-109476.0,-119194.0,12524.0,3156.0,73360.0,73010.0,122000.0,122350.0,75,75,10,9,6262,1578
0,1234,2073,Aleatorio,true,false,true,true,81,true,true,Avanzada,-95804.0,-105960.0,12524.0,4368.0,73360.0,72960.0,122000.0,122400.0,75,75,10,10,6262,2184
0,1234,2073,Aleatorio,true,false,true,true,81,true,true,Basica,-109476.0,-119194.0,12524.0,3156.0,73360.0,73010.0,122000.0,122350.0,75,75,10,9,6262,1578
0,1234,305,Aleatorio,false,true,true,true,52,true,true,Avanzada,-95804.0,-105542.0,12524.0,10472.0,73360.0,97590.0,122000.0,122770.0,75,100,10,10,6262,5236
0,1234,298,Aleatorio,false,true,true,true,29,true,true,Basica,-109476.0,-113550.0,12524.0,8680.0,73360.0,78130.0,122000.0,122230.0,75,80,10,9,6262,4340
0,1234,274,Aleatorio,false,true,true,true,52,true,true,Avanzada,-95804.0,-105542.0,12524.0,10472.0,73360.0,97590.0,122000.0,122770.0,75,100,10,10,6262,5236
0,1234,286,Aleatorio,false,true,true,true,29,true,true,Basica,-109476.0,-113550.0,12524.0,8680.0,73360.0,78130.0,122000.0,122230.0,75,80,10,9,6262,4340
0,1234,267,Aleatorio,false,true,true,true,52,true,true,Avanzada,-95804.0,-105542.0,12524.0,10472.0,73360.0,97590.0,122000.0,122770.0,75,100,10,10,6262,5236
0,1234,281,Aleatorio,false,true,true,true,29,true,true,Basica,-109476.0,-113550.0,12524.0,8680.0,73360.0,78130.0,122000.0,122230.0,75,80,10,9,6262,4340
0,1234,263,Aleatorio,false,true,true,true,52,true,true,Avanzada,-95804.0,-105542.0,12524.0,10472.0,73360.0,97590.0,122000.0,122770.0,75,100,10,10,6262,5236
0,1234,294,Aleatorio,false,true,true,true,29,true,true,Basica,-109476.0,-113550.0,12524.0,8680.0,73360.0,78130.0,122000.0,122230.0,75,80,10,9,6262,4340
0,1234,269,Aleatorio,false,true,true,true,52,true,true,Avanzada,-95804.0,-105542.0,12524.0,10472.0,73360.0,97590.0,122000.0,122770.0,75,100,10,10,6262,5236
0,1234,290,Aleatorio,false,true,true,true,29,true,true,Basica,-109476.0,-113550.0,12524.0,8680.0,73360.0,78130.0,122000.0,122230.0,75,80,10,9,6262,4340
0,1234,2684,Aleatorio,true,true,false,false,113,true,true,Avanzada,-95804.0,-110658.0,12524.0,6560.0,73360.0,97530.0,122000.0,122830.0,75,100,10,10,6262,3280
0,1234,2946,Aleatorio,true,true,false,false,97,true,true,Basica,-109476.0,-118922.0,12524.0,3368.0,73360.0,73070.0,122000.0,122290.0,75,75,10,10,6262,1684
0,1234,2636,Aleatorio,true,true,false,false,113,true,true,Avanzada,-95804.0,-110658.0,12524.0,6560.0,73360.0,97530.0,122000.0,122830.0,75,100,10,10,6262,3280
0,1234,2948,Aleatorio,true,true,false,false,97,true,true,Basica,-109476.0,-118922.0,12524.0,3368.0,73360.0,73070.0,122000.0,122290.0,75,75,10,10,6262,1684
0,1234,2632,Aleatorio,true,true,false,false,113,true,true,Avanzada,-95804.0,-110658.0,12524.0,6560.0,73360.0,97530.0,122000.0,122830.0,75,100,10,10,6262,3280
0,1234,2892,Aleatorio,true,true,false,false,97,true,true,Basica,-109476.0,-118922.0,12524.0,3368.0,73360.0,73070.0,122000.0,122290.0,75,75,10,10,6262,1684
0,1234,2699,Aleatorio,true,true,false,false,113,true,true,Avanzada,-95804.0,-110658.0,12524.0,6560.0,73360.0,97530.0,122000.0,122830.0,75,100,10,10,6262,3280
0,1234,2929,Aleatorio,true,true,false,false,97,true,true,Basica,-109476.0,-118922.0,12524.0,3368.0,73360.0,73070.0,122000.0,122290.0,75,75,10,10,6262,1684
0,1234,2708,Aleatorio,true,true,false,false,113,true,true,Avanzada,-95804.0,-110658.0,12524.0,6560.0,73360.0,97530.0,122000.0,122830.0,75,100,10,10,6262,3280
0,1234,3192,Aleatorio,true,true,false,false,97,true,true,Basica,-109476.0,-118922.0,12524.0,3368.0,73360.0,73070.0,122000.0,122290.0,75,75,10,10,6262,1684
0,1234,3478,Aleatorio,true,true,true,true,106,true,true,Avanzada,-95804.0,-110964.0,12524.0,6124.0,73360.0,97500.0,122000.0,122860.0,75,100,10,10,6262,3062
0,1234,2720,Aleatorio,true,true,true,true,81,true,true,Basica,-109476.0,-119194.0,12524.0,3156.0,73360.0,73010.0,122000.0,122350.0,75,75,10,9,6262,1578
0,1234,2999,Aleatorio,true,true,true,true,106,true,true,Avanzada,-95804.0,-110964.0,12524.0,6124.0,73360.0,97500.0,122000.0,122860.0,75,100,10,10,6262,3062
0,1234,2847,Aleatorio,true,true,true,true,81,true,true,Basica,-109476.0,-119194.0,12524.0,3156.0,73360.0,73010.0,122000.0,122350.0,75,75,10,9,6262,1578
0,1234,2998,Aleatorio,true,true,true,true,106,true,true,Avanzada,-95804.0,-110964.0,12524.0,6124.0,73360.0,97500.0,122000.0,122860.0,75,100,10,10,6262,3062
0,1234,2752,Aleatorio,true,true,true,true,81,true,true,Basica,-109476.0,-119194.0,12524.0,3156.0,73360.0,73010.0,122000.0,122350.0,75,75,10,9,6262,1578
0,1234,3026,Aleatorio,true,true,true,true,106,true,true,Avanzada,-95804.0,-110964.0,12524.0,6124.0,73360.0,97500.0,122000.0,122860.0,75,100,10,10,6262,3062
0,1234,2724,Aleatorio,true,true,true,true,81,true,true,Basica,-109476.0,-119194.0,12524.0,3156.0,73360.0,73010.0,122000.0,122350.0,75,75,10,9,6262,1578
0,1234,2989,Aleatorio,true,true,true,true,106,true,true,Avanzada,-95804.0,-110964.0,12524.0,6124.0,73360.0,97500.0,122000.0,122860.0,75,100,10,10,6262,3062
0,1234,2729,Aleatorio,true,true,true,true,81,true,true,Basica,-109476.0,-119194.0,12524.0,3156.0,73360.0,73010.0,122000.0,122350.0,75,75,10,9,6262,1578
1,1,1852,Aleatorio,true,false,false,false,80,true,true,Avanzada,-98752.0,-107780.0,12648.0,5028.0,77740.0,77340.0,124580.0,124980.0,79,79,10,10,6324,2514
1,1,1747,Aleatorio,true,false,false,false,80,true,true,Basica,-111932.0,-121286.0,12648.0,3644.0,77740.0,77390.0,124580.0,124930.0,79,79,10,10,6324,1822
1,1,1836,Aleatorio,true,false,false,false,80,true,true,Avanzada,-98752.0,-107780.0,12648.0,5028.0,77740.0,77340.0,124580.0,124980.0,79,79,10,10,6324,2514
1,1,1747,Aleatorio,true,false,false,false,80,true,true,Basica,-111932.0,-121286.0,12648.0,3644.0,77740.0,77390.0,124580.0,124930.0,79,79,10,10,6324,1822
1,1,1828,Aleatorio,true,false,false,false,80,true,true,Avanzada,-98752.0,-107780.0,12648.0,5028.0,77740.0,77340.0,124580.0,124980.0,79,79,10,10,6324,2514
1,1,1749,Aleatorio,true,false,false,false,80,true,true,Basica,-111932.0,-121286.0,12648.0,3644.0,77740.0,77390.0,124580.0,124930.0,79,79,10,10,6324,1822
1,1,1835,Aleatorio,true,false,false,false,80,true,true,Avanzada,-98752.0,-107780.0,12648.0,5028.0,77740.0,77340.0,124580.0,124980.0,79,79,10,10,6324,2514
1,1,1744,Aleatorio,true,false,false,false,80,true,true,Basica,-111932.0,-121286.0,12648.0,3644.0,77740.0,77390.0,124580.0,124930.0,79,79,10,10,6324,1822
1,1,1832,Aleatorio,true,false,false,false,80,true,true,Avanzada,-98752.0,-107780.0,12648.0,5028.0,77740.0,77340.0,124580.0,124980.0,79,79,10,10,6324,2514
1,1,1751,Aleatorio,true,false,false,false,80,true,true,Basica,-111932.0,-121286.0,12648.0,3644.0,77740.0,77390.0,124580.0,124930.0,79,79,10,10,6324,1822
1,1,12,Aleatorio,false,true,false,false,4,true,true,Avanzada,-98752.0,-99612.0,12648.0,12676.0,77740.0,80640.0,124580.0,124680.0,79,82,10,10,6324,6338
1,1,12,Aleatorio,false,true,false,false,4,true,true,Basica,-111932.0,-112004.0,12648.0,12676.0,77740.0,80640.0,124580.0,124680.0,79,82,10,10,6324,6338
1,1,12,Aleatorio,false,true,false,false,4,true,true,Avanzada,-98752.0,-99612.0,12648.0,12676.0,77740.0,80640.0,124580.0,124680.0,79,82,10,10,6324,6338
1,1,12,Aleatorio,false,true,false,false,4,true,true,Basica,-111932.0,-112004.0,12648.0,12676.0,77740.0,80640.0,124580.0,124680.0,79,82,10,10,6324,6338
1,1,13,Aleatorio,false,true,false,false,4,true,true,Avanzada,-98752.0,-99612.0,12648.0,12676.0,77740.0,80640.0,124580.0,124680.0,79,82,10,10,6324,6338
1,1,12,Aleatorio,false,true,false,false,4,true,true,Basica,-111932.0,-112004.0,12648.0,12676.0,77740.0,80640.0,124580.0,124680.0,79,82,10,10,6324,6338
1,1,13,Aleatorio,false,true,false,false,4,true,true,Avanzada,-98752.0,-99612.0,12648.0,12676.0,77740.0,80640.0,124580.0,124680.0,79,82,10,10,6324,6338
1,1,12,Aleatorio,false,true,false,false,4,true,true,Basica,-111932.0,-112004.0,12648.0,12676.0,77740.0,80640.0,124580.0,124680.0,79,82,10,10,6324,6338
1,1,13,Aleatorio,false,true,false,false,4,true,true,Avanzada,-98752.0,-99612.0,12648.0,12676.0,77740.0,80640.0,124580.0,124680.0,79,82,10,10,6324,6338
1,1,11,Aleatorio,false,true,false,false,4,true,true,Basica,-111932.0,-112004.0,12648.0,12676.0,77740.0,80640.0,124580.0,124680.0,79,82,10,10,6324,6338
1,1,60,Aleatorio,false,false,true,false,26,true,true,Avanzada,-98752.0,-102268.0,12648.0,9132.0,77740.0,77740.0,124580.0,124580.0,79,79,10,10,6324,4566
1,1,57,Aleatorio,false,false,true,false,26,true,true,Basica,-111932.0,-115448.0,12648.0,9132.0,77740.0,77740.0,124580.0,124580.0,79,79,10,10,6324,4566
1,1,63,Aleatorio,false,false,true,false,26,true,true,Avanzada,-98752.0,-102268.0,12648.0,9132.0,77740.0,77740.0,124580.0,124580.0,79,79,10,10,6324,4566
1,1,56,Aleatorio,false,false,true,false,26,true,true,Basica,-111932.0,-115448.0,12648.0,9132.0,77740.0,77740.0,124580.0,124580.0,79,79,10,10,6324,4566
1,1,59,Aleatorio,false,false,true,false,26,true,true,Avanzada,-98752.0,-102268.0,12648.0,9132.0,77740.0,77740.0,124580.0,124580.0,79,79,10,10,6324,4566
1,1,58,Aleatorio,false,false,true,false,26,true,true,Basica,-111932.0,-115448.0,12648.0,9132.0,77740.0,77740.0,124580.0,124580.0,79,79,10,10,6324,4566
1,1,60,Aleatorio,false,false,true,false,26,true,true,Avanzada,-98752.0,-102268.0,12648.0,9132.0,77740.0,77740.0,124580.0,124580.0,79,79,10,10,6324,4566
1,1,56,Aleatorio,false,false,true,false,26,true,true,Basica,-111932.0,-115448.0,12648.0,9132.0,77740.0,77740.0,124580.0,124580.0,79,79,10,10,6324,4566
1,1,58,Aleatorio,false,false,true,false,26,true,true,Avanzada,-98752.0,-102268.0,12648.0,9132.0,77740.0,77740.0,124580.0,124580.0,79,79,10,10,6324,4566
1,1,61,Aleatorio,false,false,true,false,26,true,true,Basica,-111932.0,-115448.0,12648.0,9132.0,77740.0,77740.0,124580.0,124580.0,79,79,10,10,6324,4566
1,1,2305,Aleatorio,true,false,true,true,84,true,true,Avanzada,-98752.0,-109088.0,12648.0,3832.0,77740.0,77320.0,124580.0,125000.0,79,79,10,10,6324,1916
1,1,2192,Aleatorio,true,false,true,true,85,true,true,Basica,-111932.0,-122012.0,12648.0,2968.0,77740.0,77340.0,124580.0,124980.0,79,79,10,10,6324,1484
1,1,2302,Aleatorio,true,false,true,true,84,true,true,Avanzada,-98752.0,-109088.0,12648.0,3832.0,77740.0,77320.0,124580.0,125000.0,79,79,10,10,6324,1916
1,1,2205,Aleatorio,true,false,true,true,85,true,true,Basica,-111932.0,-122012.0,12648.0,2968.0,77740.0,77340.0,124580.0,124980.0,79,79,10,10,6324,1484
1,1,2294,Aleatorio,true,false,true,true,84,true,true,Avanzada,-98752.0,-109088.0,12648.0,3832.0,77740.0,77320.0,124580.0,125000.0,79,79,10,10,6324,1916
1,1,2222,Aleatorio,true,false,true,true,85,true,true,Basica,-111932.0,-122012.0,12648.0,2968.0,77740.0,77340.0,124580.0,124980.0,79,79,10,10,6324,1484
1,1,2284,Aleatorio,true,false,true,true,84,true,true,Avanzada,-98752.0,-109088.0,12648.0,3832.0,77740.0,77320.0,124580.0,125000.0,79,79,10,10,6324,1916
1,1,2200,Aleatorio,true,false,true,true,85,true,true,Basica,-111932.0,-122012.0,12648.0,2968.0,77740.0,77340.0,124580.0,124980.0,79,79,10,10,6324,1484
1,1,2303,Aleatorio,true,false,true,true,84,true,true,Avanzada,-98752.0,-109088.0,12648.0,3832.0,77740.0,77320.0,124580.0,125000.0,79,79,10,10,6324,1916
1,1,2194,Aleatorio,true,false,true,true,85,true,true,Basica,-111932.0,-122012.0,12648.0,2968.0,77740.0,77340.0,124580.0,124980.0,79,79,10,10,6324,1484
1,1,147,Aleatorio,false,true,true,true,43,true,true,Avanzada,-98752.0,-107254.0,12648.0,10572.0,77740.0,98190.0,124580.0,125130.0,79,100,10,10,6324,5286
1,1,217,Aleatorio,false,true,true,true,27,true,true,Basica,-111932.0,-115508.0,12648.0,9152.0,77740.0,78660.0,124580.0,124660.0,79,80,10,10,6324,4576
1,1,147,Aleatorio,false,true,true,true,43,true,true,Avanzada,-98752.0,-107254.0,12648.0,10572.0,77740.0,98190.0,124580.0,125130.0,79,100,10,10,6324,5286
1,1,217,Aleatorio,false,true,true,true,27,true,true,Basica,-111932.0,-115508.0,12648.0,9152.0,77740.0,78660.0,124580.0,124660.0,79,80,10,10,6324,4576
1,1,148,Aleatorio,false,true,true,true,43,true,true,Avanzada,-98752.0,-107254.0,12648.0,10572.0,77740.0,98190.0,124580.0,125130.0,79,100,10,10,6324,5286
1,1,217,Aleatorio,false,true,true,true,27,true,true,Basica,-111932.0,-115508.0,12648.0,9152.0,77740.0,78660.0,124580.0,124660.0,79,80,10,10,6324,4576
1,1,147,Aleatorio,false,true,true,true,43,true,true,Avanzada,-98752.0,-107254.0,12648.0,10572.0,77740.0,98190.0,124580.0,125130.0,79,100,10,10,6324,5286
1,1,218,Aleatorio,false,true,true,true,27,true,true,Basica,-111932.0,-115508.0,12648.0,9152.0,77740.0,78660.0,124580.0,124660.0,79,80,10,10,6324,4576
1,1,147,Aleatorio,false,true,true,true,43,true,true,Avanzada,-98752.0,-107254.0,12648.0,10572.0,77740.0,98190.0,124580.0,125130.0,79,100,10,10,6324,5286
1,1,219,Aleatorio,false,true,true,true,27,true,true,Basica,-111932.0,-115508.0,12648.0,9152.0,77740.0,78660.0,124580.0,124660.0,79,80,10,10,6324,4576
1,1,2167,Aleatorio,true,true,false,false,87,true,true,Avanzada,-98752.0,-112732.0,12648.0,5684.0,77740.0,98020.0,124580.0,125300.0,79,100,10,10,6324,2842
1,1,2421,Aleatorio,true,true,false,false,81,true,true,Basica,-111932.0,-121296.0,12648.0,3644.0,77740.0,78380.0,124580.0,124940.0,79,80,10,10,6324,1822
1,1,2147,Aleatorio,true,true,false,false,87,true,true,Avanzada,-98752.0,-112732.0,12648.0,5684.0,77740.0,98020.0,124580.0,125300.0,79,100,10,10,6324,2842
1,1,2547,Aleatorio,true,true,false,false,81,true,true,Basica,-111932.0,-121296.0,12648.0,3644.0,77740.0,78380.0,124580.0,124940.0,79,80,10,10,6324,1822
1,1,2318,Aleatorio,true,true,false,false,87,true,true,Avanzada,-98752.0,-112732.0,12648.0,5684.0,77740.0,98020.0,124580.0,125300.0,79,100,10,10,6324,2842
1,1,2444,Aleatorio,true,true,false,false,81,true,true,Basica,-111932.0,-121296.0,12648.0,3644.0,77740.0,78380.0,124580.0,124940.0,79,80,10,10,6324,1822
1,1,2152,Aleatorio,true,true,false,false,87,true,true,Avanzada,-98752.0,-112732.0,12648.0,5684.0,77740.0,98020.0,124580.0,125300.0,79,100,10,10,6324,2842
1,1,2414,Aleatorio,true,true,false,false,81,true,true,Basica,-111932.0,-121296.0,12648.0,3644.0,77740.0,78380.0,124580.0,124940.0,79,80,10,10,6324,1822
1,1,2148,Aleatorio,true,true,false,false,87,true,true,Avanzada,-98752.0,-112732.0,12648.0,5684.0,77740.0,98020.0,124580.0,125300.0,79,100,10,10,6324,2842
1,1,2436,Aleatorio,true,true,false,false,81,true,true,Basica,-111932.0,-121296.0,12648.0,3644.0,77740.0,78380.0,124580.0,124940.0,79,80,10,10,6324,1822
1,1,2764,Aleatorio,true,true,true,true,94,true,true,Avanzada,-98752.0,-113302.0,12648.0,5140.0,77740.0,98090.0,124580.0,125230.0,79,100,10,10,6324,2570
1,1,2891,Aleatorio,true,true,true,true,85,true,true,Basica,-111932.0,-122012.0,12648.0,2968.0,77740.0,77340.0,124580.0,124980.0,79,79,10,10,6324,1484
1,1,2713,Aleatorio,true,true,true,true,94,true,true,Avanzada,-98752.0,-113302.0,12648.0,5140.0,77740.0,98090.0,124580.0,125230.0,79,100,10,10,6324,2570
1,1,2949,Aleatorio,true,true,true,true,85,true,true,Basica,-111932.0,-122012.0,12648.0,2968.0,77740.0,77340.0,124580.0,124980.0,79,79,10,10,6324,1484
1,1,2751,Aleatorio,true,true,true,true,94,true,true,Avanzada,-98752.0,-113302.0,12648.0,5140.0,77740.0,98090.0,124580.0,125230.0,79,100,10,10,6324,2570
1,1,2799,Aleatorio,true,true,true,true,85,true,true,Basica,-111932.0,-122012.0,12648.0,2968.0,77740.0,77340.0,124580.0,124980.0,79,79,10,10,6324,1484
1,1,2748,Aleatorio,true,true,true,true,94,true,true,Avanzada,-98752.0,-113302.0,12648.0,5140.0,77740.0,98090.0,124580.0,125230.0,79,100,10,10,6324,2570
1,1,2824,Aleatorio,true,true,true,true,85,true,true,Basica,-111932.0,-122012.0,12648.0,2968.0,77740.0,77340.0,124580.0,124980.0,79,79,10,10,6324,1484
1,1,2719,Aleatorio,true,true,true,true,94,true,true,Avanzada,-98752.0,-113302.0,12648.0,5140.0,77740.0,98090.0,124580.0,125230.0,79,100,10,10,6324,2570
1,1,2801,Aleatorio,true,true,true,true,85,true,true,Basica,-111932.0,-122012.0,12648.0,2968.0,77740.0,77340.0,124580.0,124980.0,79,79,10,10,6324,1484
2,91011,1813,Aleatorio,true,false,false,false,76,true,true,Avanzada,-99080.0,-108072.0,12696.0,5944.0,70640.0,70440.0,128380.0,128580.0,72,72,10,10,6348,2972
2,91011,1843,Aleatorio,true,false,false,false,79,true,true,Basica,-115684.0,-124956.0,12696.0,3744.0,70640.0,70320.0,128380.0,128700.0,72,72,10,10,6348,1872
2,91011,1812,Aleatorio,true,false,false,false,76,true,true,Avanzada,-99080.0,-108072.0,12696.0,5944.0,70640.0,70440.0,128380.0,128580.0,72,72,10,10,6348,2972
2,91011,1844,Aleatorio,true,false,false,false,79,true,true,Basica,-115684.0,-124956.0,12696.0,3744.0,70640.0,70320.0,128380.0,128700.0,72,72,10,10,6348,1872
2,91011,1815,Aleatorio,true,false,false,false,76,true,true,Avanzada,-99080.0,-108072.0,12696.0,5944.0,70640.0,70440.0,128380.0,128580.0,72,72,10,10,6348,2972
2,91011,1798,Aleatorio,true,false,false,false,79,true,true,Basica,-115684.0,-124956.0,12696.0,3744.0,70640.0,70320.0,128380.0,128700.0,72,72,10,10,6348,1872
2,91011,1807,Aleatorio,true,false,false,false,76,true,true,Avanzada,-99080.0,-108072.0,12696.0,5944.0,70640.0,70440.0,128380.0,128580.0,72,72,10,10,6348,2972
2,91011,1803,Aleatorio,true,false,false,false,79,true,true,Basica,-115684.0,-124956.0,12696.0,3744.0,70640.0,70320.0,128380.0,128700.0,72,72,10,10,6348,1872
2,91011,1834,Aleatorio,true,false,false,false,76,true,true,Avanzada,-99080.0,-108072.0,12696.0,5944.0,70640.0,70440.0,128380.0,128580.0,72,72,10,10,6348,2972
2,91011,1828,Aleatorio,true,false,false,false,79,true,true,Basica,-115684.0,-124956.0,12696.0,3744.0,70640.0,70320.0,128380.0,128700.0,72,72,10,10,6348,1872
2,91011,4,Aleatorio,false,true,false,false,1,true,true,Avanzada,-99080.0,-99080.0,12696.0,12696.0,70640.0,70640.0,128380.0,128380.0,72,72,10,10,6348,6348
2,91011,5,Aleatorio,false,true,false,false,1,true,true,Basica,-115684.0,-115684.0,12696.0,12696.0,70640.0,70640.0,128380.0,128380.0,72,72,10,10,6348,6348
2,91011,4,Aleatorio,false,true,false,false,1,true,true,Avanzada,-99080.0,-99080.0,12696.0,12696.0,70640.0,70640.0,128380.0,128380.0,72,72,10,10,6348,6348
2,91011,4,Aleatorio,false,true,false,false,1,true,true,Basica,-115684.0,-115684.0,12696.0,12696.0,70640.0,70640.0,128380.0,128380.0,72,72,10,10,6348,6348
2,91011,4,Aleatorio,false,true,false,false,1,true,true,Avanzada,-99080.0,-99080.0,12696.0,12696.0,70640.0,70640.0,128380.0,128380.0,72,72,10,10,6348,6348
2,91011,5,Aleatorio,false,true,false,false,1,true,true,Basica,-115684.0,-115684.0,12696.0,12696.0,70640.0,70640.0,128380.0,128380.0,72,72,10,10,6348,6348
2,91011,5,Aleatorio,false,true,false,false,1,true,true,Avanzada,-99080.0,-99080.0,12696.0,12696.0,70640.0,70640.0,128380.0,128380.0,72,72,10,10,6348,6348
2,91011,4,Aleatorio,false,true,false,false,1,true,true,Basica,-115684.0,-115684.0,12696.0,12696.0,70640.0,70640.0,128380.0,128380.0,72,72,10,10,6348,6348
2,91011,5,Aleatorio,false,true,false,false,1,true,true,Avanzada,-99080.0,-99080.0,12696.0,12696.0,70640.0,70640.0,128380.0,128380.0,72,72,10,10,6348,6348
2,91011,5,Aleatorio,false,true,false,false,1,true,true,Basica,-115684.0,-115684.0,12696.0,12696.0,70640.0,70640.0,128380.0,128380.0,72,72,10,10,6348,6348
2,91011,70,Aleatorio,false,false,true,false,25,true,true,Avanzada,-99080.0,-103264.0,12696.0,8512.0,70640.0,70640.0,128380.0,128380.0,72,72,10,10,6348,4256
2,91011,63,Aleatorio,false,false,true,false,25,true,true,Basica,-115684.0,-119868.0,12696.0,8512.0,70640.0,70640.0,128380.0,128380.0,72,72,10,10,6348,4256
2,91011,68,Aleatorio,false,false,true,false,25,true,true,Avanzada,-99080.0,-103264.0,12696.0,8512.0,70640.0,70640.0,128380.0,128380.0,72,72,10,10,6348,4256
2,91011,67,Aleatorio,false,false,true,false,25,true,true,Basica,-115684.0,-119868.0,12696.0,8512.0,70640.0,70640.0,128380.0,128380.0,72,72,10,10,6348,4256
2,91011,67,Aleatorio,false,false,true,false,25,true,true,Avanzada,-99080.0,-103264.0,12696.0,8512.0,70640.0,70640.0,128380.0,128380.0,72,72,10,10,6348,4256
2,91011,62,Aleatorio,false,false,true,false,25,true,true,Basica,-115684.0,-119868.0,12696.0,8512.0,70640.0,70640.0,128380.0,128380.0,72,72,10,10,6348,4256
2,91011,68,Aleatorio,false,false,true,false,25,true,true,Avanzada,-99080.0,-103264.0,12696.0,8512.0,70640.0,70640.0,128380.0,128380.0,72,72,10,10,6348,4256
2,91011,65,Aleatorio,false,false,true,false,25,true,true,Basica,-115684.0,-119868.0,12696.0,8512.0,70640.0,70640.0,128380.0,128380.0,72,72,10,10,6348,4256
2,91011,66,Aleatorio,false,false,true,false,25,true,true,Avanzada,-99080.0,-103264.0,12696.0,8512.0,70640.0,70640.0,128380.0,128380.0,72,72,10,10,6348,4256
2,91011,62,Aleatorio,false,false,true,false,25,true,true,Basica,-115684.0,-119868.0,12696.0,8512.0,70640.0,70640.0,128380.0,128380.0,72,72,10,10,6348,4256
2,91011,1966,Aleatorio,true,false,true,true,70,true,true,Avanzada,-99080.0,-109342.0,12696.0,4444.0,70640.0,70350.0,128380.0,128670.0,72,72,10,10,6348,2222
2,91011,1783,Aleatorio,true,false,true,true,68,true,true,Basica,-115684.0,-125700.0,12696.0,3000.0,70640.0,70320.0,128380.0,128700.0,72,72,10,10,6348,1500
2,91011,2057,Aleatorio,true,false,true,true,70,true,true,Avanzada,-99080.0,-109342.0,12696.0,4444.0,70640.0,70350.0,128380.0,128670.0,72,72,10,10,6348,2222
2,91011,1814,Aleatorio,true,false,true,true,68,true,true,Basica,-115684.0,-125700.0,12696.0,3000.0,70640.0,70320.0,128380.0,128700.0,72,72,10,10,6348,1500
2,91011,1957,Aleatorio,true,false,true,true,70,true,true,Avanzada,-99080.0,-109342.0,12696.0,4444.0,70640.0,70350.0,128380.0,128670.0,72,72,10,10,6348,2222
2,91011,1790,Aleatorio,true,false,true,true,68,true,true,Basica,-115684.0,-125700.0,12696.0,3000.0,70640.0,70320.0,128380.0,128700.0,72,72,10,10,6348,1500
2,91011,2151,Aleatorio,true,false,true,true,70,true,true,Avanzada,-99080.0,-109342.0,12696.0,4444.0,70640.0,70350.0,128380.0,128670.0,72,72,10,10,6348,2222
2,91011,1810,Aleatorio,true,false,true,true,68,true,true,Basica,-115684.0,-125700.0,12696.0,3000.0,70640.0,70320.0,128380.0,128700.0,72,72,10,10,6348,1500
2,91011,2333,Aleatorio,true,false,true,true,70,true,true,Avanzada,-99080.0,-109342.0,12696.0,4444.0,70640.0,70350.0,128380.0,128670.0,72,72,10,10,6348,2222
2,91011,1771,Aleatorio,true,false,true,true,68,true,true,Basica,-115684.0,-125700.0,12696.0,3000.0,70640.0,70320.0,128380.0,128700.0,72,72,10,10,6348,1500
2,91011,297,Aleatorio,false,true,true,true,48,true,true,Avanzada,-99080.0,-108734.0,12696.0,10648.0,70640.0,95990.0,128380.0,129030.0,72,98,10,10,6348,5324
2,91011,298,Aleatorio,false,true,true,true,26,true,true,Basica,-115684.0,-119920.0,12696.0,8540.0,70640.0,71560.0,128380.0,128460.0,72,73,10,10,6348,4270
2,91011,294,Aleatorio,false,true,true,true,48,true,true,Avanzada,-99080.0,-108734.0,12696.0,10648.0,70640.0,95990.0,128380.0,129030.0,72,98,10,10,6348,5324
2,91011,304,Aleatorio,false,true,true,true,26,true,true,Basica,-115684.0,-119920.0,12696.0,8540.0,70640.0,71560.0,128380.0,128460.0,72,73,10,10,6348,4270
2,91011,294,Aleatorio,false,true,true,true,48,true,true,Avanzada,-99080.0,-108734.0,12696.0,10648.0,70640.0,95990.0,128380.0,129030.0,72,98,10,10,6348,5324
2,91011,300,Aleatorio,false,true,true,true,26,true,true,Basica,-115684.0,-119920.0,12696.0,8540.0,70640.0,71560.0,128380.0,128460.0,72,73,10,10,6348,4270
2,91011,368,Aleatorio,false,true,true,true,48,true,true,Avanzada,-99080.0,-108734.0,12696.0,10648.0,70640.0,95990.0,128380.0,129030.0,72,98,10,10,6348,5324
2,91011,452,Aleatorio,false,true,true,true,26,true,true,Basica,-115684.0,-119920.0,12696.0,8540.0,70640.0,71560.0,128380.0,128460.0,72,73,10,10,6348,4270
2,91011,322,Aleatorio,false,true,true,true,48,true,true,Avanzada,-99080.0,-108734.0,12696.0,10648.0,70640.0,95990.0,128380.0,129030.0,72,98,10,10,6348,5324
2,91011,315,Aleatorio,false,true,true,true,26,true,true,Basica,-115684.0,-119920.0,12696.0,8540.0,70640.0,71560.0,128380.0,128460.0,72,73,10,10,6348,4270
2,91011,2943,Aleatorio,true,true,false,false,103,true,true,Avanzada,-99080.0,-114038.0,12696.0,7232.0,70640.0,97950.0,128380.0,129070.0,72,100,10,10,6348,3616
2,91011,3035,Aleatorio,true,true,false,false,79,true,true,Basica,-115684.0,-124956.0,12696.0,3744.0,70640.0,70320.0,128380.0,128700.0,72,72,10,10,6348,1872
2,91011,3030,Aleatorio,true,true,false,false,103,true,true,Avanzada,-99080.0,-114038.0,12696.0,7232.0,70640.0,97950.0,128380.0,129070.0,72,100,10,10,6348,3616
2,91011,3152,Aleatorio,true,true,false,false,79,true,true,Basica,-115684.0,-124956.0,12696.0,3744.0,70640.0,70320.0,128380.0,128700.0,72,72,10,10,6348,1872
2,91011,3016,Aleatorio,true,true,false,false,103,true,true,Avanzada,-99080.0,-114038.0,12696.0,7232.0,70640.0,97950.0,128380.0,129070.0,72,100,10,10,6348,3616
2,91011,2918,Aleatorio,true,true,false,false,79,true,true,Basica,-115684.0,-124956.0,12696.0,3744.0,70640.0,70320.0,128380.0,128700.0,72,72,10,10,6348,1872
2,91011,2909,Aleatorio,true,true,false,false,103,true,true,Avanzada,-99080.0,-114038.0,12696.0,7232.0,70640.0,97950.0,128380.0,129070.0,72,100,10,10,6348,3616
2,91011,2724,Aleatorio,true,true,false,false,79,true,true,Basica,-115684.0,-124956.0,12696.0,3744.0,70640.0,70320.0,128380.0,128700.0,72,72,10,10,6348,1872
2,91011,2717,Aleatorio,true,true,false,false,103,true,true,Avanzada,-99080.0,-114038.0,12696.0,7232.0,70640.0,97950.0,128380.0,129070.0,72,100,10,10,6348,3616
2,91011,2672,Aleatorio,true,true,false,false,79,true,true,Basica,-115684.0,-124956.0,12696.0,3744.0,70640.0,70320.0,128380.0,128700.0,72,72,10,10,6348,1872
2,91011,3421,Aleatorio,true,true,true,true,104,true,true,Avanzada,-99080.0,-114742.0,12696.0,6572.0,70640.0,97950.0,128380.0,129070.0,72,100,10,10,6348,3286
2,91011,2663,Aleatorio,true,true,true,true,68,true,true,Basica,-115684.0,-125700.0,12696.0,3000.0,70640.0,70320.0,128380.0,128700.0,72,72,10,10,6348,1500
2,91011,3480,Aleatorio,true,true,true,true,104,true,true,Avanzada,-99080.0,-114742.0,12696.0,6572.0,70640.0,97950.0,128380.0,129070.0,72,100,10,10,6348,3286
2,91011,2933,Aleatorio,true,true,true,true,68,true,true,Basica,-115684.0,-125700.0,12696.0,3000.0,70640.0,70320.0,128380.0,128700.0,72,72,10,10,6348,1500
2,91011,3517,Aleatorio,true,true,true,true,104,true,true,Avanzada,-99080.0,-114742.0,12696.0,6572.0,70640.0,97950.0,128380.0,129070.0,72,100,10,10,6348,3286
2,91011,3127,Aleatorio,true,true,true,true,68,true,true,Basica,-115684.0,-125700.0,12696.0,3000.0,70640.0,70320.0,128380.0,128700.0,72,72,10,10,6348,1500
2,91011,3674,Aleatorio,true,true,true,true,104,true,true,Avanzada,-99080.0,-114742.0,12696.0,6572.0,70640.0,97950.0,128380.0,129070.0,72,100,10,10,6348,3286
2,91011,2549,Aleatorio,true,true,true,true,68,true,true,Basica,-115684.0,-125700.0,12696.0,3000.0,70640.0,70320.0,128380.0,128700.0,72,72,10,10,6348,1500
2,91011,3615,Aleatorio,true,true,true,true,104,true,true,Avanzada,-99080.0,-114742.0,12696.0,6572.0,70640.0,97950.0,128380.0,129070.0,72,100,10,10,6348,3286
2,91011,2549,Aleatorio,true,true,true,true,68,true,true,Basica,-115684.0,-125700.0,12696.0,3000.0,70640.0,70320.0,128380.0,128700.0,72,72,10,10,6348,1500
3,121314,1556,Aleatorio,true,false,false,false,81,true,true,Avanzada,-92836.0,-101910.0,12640.0,5596.0,79340.0,79210.0,115980.0,116110.0,81,81,10,10,6320,2798
3,121314,1635,Aleatorio,true,false,false,false,90,true,true,Basica,-103340.0,-112544.0,12640.0,3516.0,79340.0,79260.0,115980.0,116060.0,81,81,10,10,6320,1758
3,121314,1564,Aleatorio,true,false,false,false,81,true,true,Avanzada,-92836.0,-101910.0,12640.0,5596.0,79340.0,79210.0,115980.0,116110.0,81,81,10,10,6320,2798
3,121314,1745,Aleatorio,true,false,false,false,90,true,true,Basica,-103340.0,-112544.0,12640.0,3516.0,79340.0,79260.0,115980.0,116060.0,81,81,10,10,6320,1758
3,121314,1755,Aleatorio,true,false,false,false,81,true,true,Avanzada,-92836.0,-101910.0,12640.0,5596.0,79340.0,79210.0,115980.0,116110.0,81,81,10,10,6320,2798
3,121314,1697,Aleatorio,true,false,false,false,90,true,true,Basica,-103340.0,-112544.0,12640.0,3516.0,79340.0,79260.0,115980.0,116060.0,81,81,10,10,6320,1758
3,121314,1728,Aleatorio,true,false,false,false,81,true,true,Avanzada,-92836.0,-101910.0,12640.0,5596.0,79340.0,79210.0,115980.0,116110.0,81,81,10,10,6320,2798
3,121314,2097,Aleatorio,true,false,false,false,90,true,true,Basica,-103340.0,-112544.0,12640.0,3516.0,79340.0,79260.0,115980.0,116060.0,81,81,10,10,6320,1758
3,121314,1527,Aleatorio,true,false,false,false,81,true,true,Avanzada,-92836.0,-101910.0,12640.0,5596.0,79340.0,79210.0,115980.0,116110.0,81,81,10,10,6320,2798
3,121314,1738,Aleatorio,true,false,false,false,90,true,true,Basica,-103340.0,-112544.0,12640.0,3516.0,79340.0,79260.0,115980.0,116060.0,81,81,10,10,6320,1758
3,121314,8,Aleatorio,false,true,false,false,3,true,true,Avanzada,-92836.0,-93360.0,12640.0,12692.0,79340.0,81240.0,115980.0,116080.0,81,83,10,10,6320,6346
3,121314,8,Aleatorio,false,true,false,false,3,true,true,Basica,-103340.0,-103390.0,12640.0,12680.0,79340.0,81250.0,115980.0,116070.0,81,83,10,10,6320,6340
3,121314,8,Aleatorio,false,true,false,false,3,true,true,Avanzada,-92836.0,-93360.0,12640.0,12692.0,79340.0,81240.0,115980.0,116080.0,81,83,10,10,6320,6346
3,121314,10,Aleatorio,false,true,false,false,3,true,true,Basica,-103340.0,-103390.0,12640.0,12680.0,79340.0,81250.0,115980.0,116070.0,81,83,10,10,6320,6340
3,121314,9,Aleatorio,false,true,false,false,3,true,true,Avanzada,-92836.0,-93360.0,12640.0,12692.0,79340.0,81240.0,115980.0,116080.0,81,83,10,10,6320,6346
3,121314,7,Aleatorio,false,true,false,false,3,true,true,Basica,-103340.0,-103390.0,12640.0,12680.0,79340.0,81250.0,115980.0,116070.0,81,83,10,10,6320,6340
3,121314,7,Aleatorio,false,true,false,false,3,true,true,Avanzada,-92836.0,-93360.0,12640.0,12692.0,79340.0,81240.0,115980.0,116080.0,81,83,10,10,6320,6346
3,121314,9,Aleatorio,false,true,false,false,3,true,true,Basica,-103340.0,-103390.0,12640.0,12680.0,79340.0,81250.0,115980.0,116070.0,81,83,10,10,6320,6340
3,121314,9,Aleatorio,false,true,false,false,3,true,true,Avanzada,-92836.0,-93360.0,12640.0,12692.0,79340.0,81240.0,115980.0,116080.0,81,83,10,10,6320,6346
3,121314,8,Aleatorio,false,true,false,false,3,true,true,Basica,-103340.0,-103390.0,12640.0,12680.0,79340.0,81250.0,115980.0,116070.0,81,83,10,10,6320,6340
3,121314,60,Aleatorio,false,false,true,false,27,true,true,Avanzada,-92836.0,-95864.0,12640.0,9612.0,79340.0,79340.0,115980.0,115980.0,81,81,10,10,6320,4806
3,121314,58,Aleatorio,false,false,true,false,27,true,true,Basica,-103340.0,-106368.0,12640.0,9612.0,79340.0,79340.0,115980.0,115980.0,81,81,10,10,6320,4806
3,121314,65,Aleatorio,false,false,true,false,27,true,true,Avanzada,-92836.0,-95864.0,12640.0,9612.0,79340.0,79340.0,115980.0,115980.0,81,81,10,10,6320,4806
3,121314,63,Aleatorio,false,false,true,false,27,true,true,Basica,-103340.0,-106368.0,12640.0,9612.0,79340.0,79340.0,115980.0,115980.0,81,81,10,10,6320,4806
3,121314,61,Aleatorio,false,false,true,false,27,true,true,Avanzada,-92836.0,-95864.0,12640.0,9612.0,79340.0,79340.0,115980.0,115980.0,81,81,10,10,6320,4806
3,121314,60,Aleatorio,false,false,true,false,27,true,true,Basica,-103340.0,-106368.0,12640.0,9612.0,79340.0,79340.0,115980.0,115980.0,81,81,10,10,6320,4806
3,121314,60,Aleatorio,false,false,true,false,27,true,true,Avanzada,-92836.0,-95864.0,12640.0,9612.0,79340.0,79340.0,115980.0,115980.0,81,81,10,10,6320,4806
3,121314,77,Aleatorio,false,false,true,false,27,true,true,Basica,-103340.0,-106368.0,12640.0,9612.0,79340.0,79340.0,115980.0,115980.0,81,81,10,10,6320,4806
3,121314,167,Aleatorio,false,false,true,false,27,true,true,Avanzada,-92836.0,-95864.0,12640.0,9612.0,79340.0,79340.0,115980.0,115980.0,81,81,10,10,6320,4806
3,121314,117,Aleatorio,false,false,true,false,27,true,true,Basica,-103340.0,-106368.0,12640.0,9612.0,79340.0,79340.0,115980.0,115980.0,81,81,10,10,6320,4806
3,121314,2334,Aleatorio,true,false,true,true,92,true,true,Avanzada,-92836.0,-103126.0,12640.0,4220.0,79340.0,79170.0,115980.0,116150.0,81,81,10,10,6320,2110
3,121314,1689,Aleatorio,true,false,true,true,81,true,true,Basica,-103340.0,-112664.0,12640.0,3456.0,79340.0,79200.0,115980.0,116120.0,81,81,10,10,6320,1728
3,121314,1987,Aleatorio,true,false,true,true,92,true,true,Avanzada,-92836.0,-103126.0,12640.0,4220.0,79340.0,79170.0,115980.0,116150.0,81,81,10,10,6320,2110
3,121314,1681,Aleatorio,true,false,true,true,81,true,true,Basica,-103340.0,-112664.0,12640.0,3456.0,79340.0,79200.0,115980.0,116120.0,81,81,10,10,6320,1728
3,121314,1979,Aleatorio,true,false,true,true,92,true,true,Avanzada,-92836.0,-103126.0,12640.0,4220.0,79340.0,79170.0,115980.0,116150.0,81,81,10,10,6320,2110
3,121314,1793,Aleatorio,true,false,true,true,81,true,true,Basica,-103340.0,-112664.0,12640.0,3456.0,79340.0,79200.0,115980.0,116120.0,81,81,10,10,6320,1728
3,121314,2098,Aleatorio,true,false,true,true,92,true,true,Avanzada,-92836.0,-103126.0,12640.0,4220.0,79340.0,79170.0,115980.0,116150.0,81,81,10,10,6320,2110
3,121314,1936,Aleatorio,true,false,true,true,81,true,true,Basica,-103340.0,-112664.0,12640.0,3456.0,79340.0,79200.0,115980.0,116120.0,81,81,10,10,6320,1728
3,121314,2019,Aleatorio,true,false,true,true,92,true,true,Avanzada,-92836.0,-103126.0,12640.0,4220.0,79340.0,79170.0,115980.0,116150.0,81,81,10,10,6320,2110
3,121314,1770,Aleatorio,true,false,true,true,81,true,true,Basica,-103340.0,-112664.0,12640.0,3456.0,79340.0,79200.0,115980.0,116120.0,81,81,10,10,6320,1728
3,121314,136,Aleatorio,false,true,true,true,39,true,true,Avanzada,-92836.0,-99884.0,12640.0,10984.0,79340.0,95960.0,115980.0,116360.0,81,98,10,10,6320,5492
3,121314,210,Aleatorio,false,true,true,true,29,true,true,Basica,-103340.0,-106450.0,12640.0,9620.0,79340.0,81250.0,115980.0,116070.0,81,83,10,10,6320,4810
3,121314,130,Aleatorio,false,true,true,true,39,true,true,Avanzada,-92836.0,-99884.0,12640.0,10984.0,79340.0,95960.0,115980.0,116360.0,81,98,10,10,6320,5492
3,121314,197,Aleatorio,false,true,true,true,29,true,true,Basica,-103340.0,-106450.0,12640.0,9620.0,79340.0,81250.0,115980.0,116070.0,81,83,10,10,6320,4810
3,121314,139,Aleatorio,false,true,true,true,39,true,true,Avanzada,-92836.0,-99884.0,12640.0,10984.0,79340.0,95960.0,115980.0,116360.0,81,98,10,10,6320,5492
3,121314,213,Aleatorio,false,true,true,true,29,true,true,Basica,-103340.0,-106450.0,12640.0,9620.0,79340.0,81250.0,115980.0,116070.0,81,83,10,10,6320,4810
3,121314,135,Aleatorio,false,true,true,true,39,true,true,Avanzada,-92836.0,-99884.0,12640.0,10984.0,79340.0,95960.0,115980.0,116360.0,81,98,10,10,6320,5492
3,121314,193,Aleatorio,false,true,true,true,29,true,true,Basica,-103340.0,-106450.0,12640.0,9620.0,79340.0,81250.0,115980.0,116070.0,81,83,10,10,6320,4810
3,121314,132,Aleatorio,false,true,true,true,39,true,true,Avanzada,-92836.0,-99884.0,12640.0,10984.0,79340.0,95960.0,115980.0,116360.0,81,98,10,10,6320,5492
3,121314,191,Aleatorio,false,true,true,true,29,true,true,Basica,-103340.0,-106450.0,12640.0,9620.0,79340.0,81250.0,115980.0,116070.0,81,83,10,10,6320,4810
3,121314,2045,Aleatorio,true,true,false,false,106,true,true,Avanzada,-92836.0,-106126.0,12640.0,6296.0,79340.0,97910.0,115980.0,116410.0,81,100,10,10,6320,3148
3,121314,2185,Aleatorio,true,true,false,false,90,true,true,Basica,-103340.0,-112544.0,12640.0,3516.0,79340.0,79260.0,115980.0,116060.0,81,81,10,10,6320,1758
3,121314,2039,Aleatorio,true,true,false,false,106,true,true,Avanzada,-92836.0,-106126.0,12640.0,6296.0,79340.0,97910.0,115980.0,116410.0,81,100,10,10,6320,3148
3,121314,2290,Aleatorio,true,true,false,false,90,true,true,Basica,-103340.0,-112544.0,12640.0,3516.0,79340.0,79260.0,115980.0,116060.0,81,81,10,10,6320,1758
3,121314,2280,Aleatorio,true,true,false,false,106,true,true,Avanzada,-92836.0,-106126.0,12640.0,6296.0,79340.0,97910.0,115980.0,116410.0,81,100,10,10,6320,3148
3,121314,2290,Aleatorio,true,true,false,false,90,true,true,Basica,-103340.0,-112544.0,12640.0,3516.0,79340.0,79260.0,115980.0,116060.0,81,81,10,10,6320,1758
3,121314,2149,Aleatorio,true,true,false,false,106,true,true,Avanzada,-92836.0,-106126.0,12640.0,6296.0,79340.0,97910.0,115980.0,116410.0,81,100,10,10,6320,3148
3,121314,2262,Aleatorio,true,true,false,false,90,true,true,Basica,-103340.0,-112544.0,12640.0,3516.0,79340.0,79260.0,115980.0,116060.0,81,81,10,10,6320,1758
3,121314,2130,Aleatorio,true,true,false,false,106,true,true,Avanzada,-92836.0,-106126.0,12640.0,6296.0,79340.0,97910.0,115980.0,116410.0,81,100,10,10,6320,3148
3,121314,2282,Aleatorio,true,true,false,false,90,true,true,Basica,-103340.0,-112544.0,12640.0,3516.0,79340.0,79260.0,115980.0,116060.0,81,81,10,10,6320,1758
3,121314,2779,Aleatorio,true,true,true,true,102,true,true,Avanzada,-92836.0,-106546.0,12640.0,5748.0,79340.0,97930.0,115980.0,116390.0,81,100,10,10,6320,2874
3,121314,2437,Aleatorio,true,true,true,true,81,true,true,Basica,-103340.0,-112646.0,12640.0,3484.0,79340.0,80190.0,115980.0,116130.0,81,82,10,10,6320,1742
3,121314,2490,Aleatorio,true,true,true,true,102,true,true,Avanzada,-92836.0,-106546.0,12640.0,5748.0,79340.0,97930.0,115980.0,116390.0,81,100,10,10,6320,2874
3,121314,2214,Aleatorio,true,true,true,true,81,true,true,Basica,-103340.0,-112646.0,12640.0,3484.0,79340.0,80190.0,115980.0,116130.0,81,82,10,10,6320,1742
3,121314,2360,Aleatorio,true,true,true,true,102,true,true,Avanzada,-92836.0,-106546.0,12640.0,5748.0,79340.0,97930.0,115980.0,116390.0,81,100,10,10,6320,2874
3,121314,2202,Aleatorio,true,true,true,true,81,true,true,Basica,-103340.0,-112646.0,12640.0,3484.0,79340.0,80190.0,115980.0,116130.0,81,82,10,10,6320,1742
3,121314,2482,Aleatorio,true,true,true,true,102,true,true,Avanzada,-92836.0,-106546.0,12640.0,5748.0,79340.0,97930.0,115980.0,116390.0,81,100,10,10,6320,2874
3,121314,2219,Aleatorio,true,true,true,true,81,true,true,Basica,-103340.0,-112646.0,12640.0,3484.0,79340.0,80190.0,115980.0,116130.0,81,82,10,10,6320,1742
3,121314,2332,Aleatorio,true,true,true,true,102,true,true,Avanzada,-92836.0,-106546.0,12640.0,5748.0,79340.0,97930.0,115980.0,116390.0,81,100,10,10,6320,2874
3,121314,2203,Aleatorio,true,true,true,true,81,true,true,Basica,-103340.0,-112646.0,12640.0,3484.0,79340.0,80190.0,115980.0,116130.0,81,82,10,10,6320,1742
4,151617,1377,Aleatorio,true,false,false,false,74,true,true,Avanzada,-91804.0,-100990.0,12540.0,4572.0,76420.0,76090.0,114700.0,115030.0,78,78,10,10,6270,2286
4,151617,1436,Aleatorio,true,false,false,false,80,true,true,Basica,-102160.0,-111600.0,12540.0,3480.0,76420.0,76040.0,114700.0,115080.0,78,78,10,10,6270,1740
4,151617,1373,Aleatorio,true,false,false,false,74,true,true,Avanzada,-91804.0,-100990.0,12540.0,4572.0,76420.0,76090.0,114700.0,115030.0,78,78,10,10,6270,2286
4,151617,1436,Aleatorio,true,false,false,false,80,true,true,Basica,-102160.0,-111600.0,12540.0,3480.0,76420.0,76040.0,114700.0,115080.0,78,78,10,10,6270,1740
4,151617,1388,Aleatorio,true,false,false,false,74,true,true,Avanzada,-91804.0,-100990.0,12540.0,4572.0,76420.0,76090.0,114700.0,115030.0,78,78,10,10,6270,2286
4,151617,1581,Aleatorio,true,false,false,false,80,true,true,Basica,-102160.0,-111600.0,12540.0,3480.0,76420.0,76040.0,114700.0,115080.0,78,78,10,10,6270,1740
4,151617,1376,Aleatorio,true,false,false,false,74,true,true,Avanzada,-91804.0,-100990.0,12540.0,4572.0,76420.0,76090.0,114700.0,115030.0,78,78,10,10,6270,2286
4,151617,1430,Aleatorio,true,false,false,false,80,true,true,Basica,-102160.0,-111600.0,12540.0,3480.0,76420.0,76040.0,114700.0,115080.0,78,78,10,10,6270,1740
4,151617,1391,Aleatorio,true,false,false,false,74,true,true,Avanzada,-91804.0,-100990.0,12540.0,4572.0,76420.0,76090.0,114700.0,115030.0,78,78,10,10,6270,2286
4,151617,1429,Aleatorio,true,false,false,false,80,true,true,Basica,-102160.0,-111600.0,12540.0,3480.0,76420.0,76040.0,114700.0,115080.0,78,78,10,10,6270,1740
4,151617,9,Aleatorio,false,true,false,false,3,true,true,Avanzada,-91804.0,-92350.0,12540.0,12588.0,76420.0,78390.0,114700.0,114730.0,78,80,10,10,6270,6294
4,151617,6,Aleatorio,false,true,false,false,2,true,true,Basica,-102160.0,-102162.0,12540.0,12548.0,76420.0,77410.0,114700.0,114710.0,78,79,10,10,6270,6274
4,151617,9,Aleatorio,false,true,false,false,3,true,true,Avanzada,-91804.0,-92350.0,12540.0,12588.0,76420.0,78390.0,114700.0,114730.0,78,80,10,10,6270,6294
4,151617,6,Aleatorio,false,true,false,false,2,true,true,Basica,-102160.0,-102162.0,12540.0,12548.0,76420.0,77410.0,114700.0,114710.0,78,79,10,10,6270,6274
4,151617,8,Aleatorio,false,true,false,false,3,true,true,Avanzada,-91804.0,-92350.0,12540.0,12588.0,76420.0,78390.0,114700.0,114730.0,78,80,10,10,6270,6294
4,151617,6,Aleatorio,false,true,false,false,2,true,true,Basica,-102160.0,-102162.0,12540.0,12548.0,76420.0,77410.0,114700.0,114710.0,78,79,10,10,6270,6274
4,151617,9,Aleatorio,false,true,false,false,3,true,true,Avanzada,-91804.0,-92350.0,12540.0,12588.0,76420.0,78390.0,114700.0,114730.0,78,80,10,10,6270,6294
4,151617,6,Aleatorio,false,true,false,false,2,true,true,Basica,-102160.0,-102162.0,12540.0,12548.0,76420.0,77410.0,114700.0,114710.0,78,79,10,10,6270,6274
4,151617,9,Aleatorio,false,true,false,false,3,true,true,Avanzada,-91804.0,-92350.0,12540.0,12588.0,76420.0,78390.0,114700.0,114730.0,78,80,10,10,6270,6294
4,151617,7,Aleatorio,false,true,false,false,2,true,true,Basica,-102160.0,-102162.0,12540.0,12548.0,76420.0,77410.0,114700.0,114710.0,78,79,10,10,6270,6274
4,151617,64,Aleatorio,false,false,true,false,28,true,true,Avanzada,-91804.0,-95560.0,12540.0,8784.0,76420.0,76420.0,114700.0,114700.0,78,78,10,10,6270,4392
4,151617,60,Aleatorio,false,false,true,false,28,true,true,Basica,-102160.0,-105916.0,12540.0,8784.0,76420.0,76420.0,114700.0,114700.0,78,78,10,10,6270,4392
4,151617,65,Aleatorio,false,false,true,false,28,true,true,Avanzada,-91804.0,-95560.0,12540.0,8784.0,76420.0,76420.0,114700.0,114700.0,78,78,10,10,6270,4392
4,151617,64,Aleatorio,false,false,true,false,28,true,true,Basica,-102160.0,-105916.0,12540.0,8784.0,76420.0,76420.0,114700.0,114700.0,78,78,10,10,6270,4392
4,151617,63,Aleatorio,false,false,true,false,28,true,true,Avanzada,-91804.0,-95560.0,12540.0,8784.0,76420.0,76420.0,114700.0,114700.0,78,78,10,10,6270,4392
4,151617,60,Aleatorio,false,false,true,false,28,true,true,Basica,-102160.0,-105916.0,12540.0,8784.0,76420.0,76420.0,114700.0,114700.0,78,78,10,10,6270,4392
4,151617,64,Aleatorio,false,false,true,false,28,true,true,Avanzada,-91804.0,-95560.0,12540.0,8784.0,76420.0,76420.0,114700.0,114700.0,78,78,10,10,6270,4392
4,151617,62,Aleatorio,false,false,true,false,28,true,true,Basica,-102160.0,-105916.0,12540.0,8784.0,76420.0,76420.0,114700.0,114700.0,78,78,10,10,6270,4392
4,151617,62,Aleatorio,false,false,true,false,28,true,true,Avanzada,-91804.0,-95560.0,12540.0,8784.0,76420.0,76420.0,114700.0,114700.0,78,78,10,10,6270,4392
4,151617,60,Aleatorio,false,false,true,false,28,true,true,Basica,-102160.0,-105916.0,12540.0,8784.0,76420.0,76420.0,114700.0,114700.0,78,78,10,10,6270,4392
4,151617,1685,Aleatorio,true,false,true,true,76,true,true,Avanzada,-91804.0,-101952.0,12540.0,3668.0,76420.0,76100.0,114700.0,115020.0,78,78,10,10,6270,1834
4,151617,1736,Aleatorio,true,false,true,true,82,true,true,Basica,-102160.0,-112064.0,12540.0,2896.0,76420.0,76160.0,114700.0,114960.0,78,78,10,10,6270,1448
4,151617,1679,Aleatorio,true,false,true,true,76,true,true,Avanzada,-91804.0,-101952.0,12540.0,3668.0,76420.0,76100.0,114700.0,115020.0,78,78,10,10,6270,1834
4,151617,1750,Aleatorio,true,false,true,true,82,true,true,Basica,-102160.0,-112064.0,12540.0,2896.0,76420.0,76160.0,114700.0,114960.0,78,78,10,10,6270,1448
4,151617,1897,Aleatorio,true,false,true,true,76,true,true,Avanzada,-91804.0,-101952.0,12540.0,3668.0,76420.0,76100.0,114700.0,115020.0,78,78,10,10,6270,1834
4,151617,1876,Aleatorio,true,false,true,true,82,true,true,Basica,-102160.0,-112064.0,12540.0,2896.0,76420.0,76160.0,114700.0,114960.0,78,78,10,10,6270,1448
4,151617,1692,Aleatorio,true,false,true,true,76,true,true,Avanzada,-91804.0,-101952.0,12540.0,3668.0,76420.0,76100.0,114700.0,115020.0,78,78,10,10,6270,1834
4,151617,1753,Aleatorio,true,false,true,true,82,true,true,Basica,-102160.0,-112064.0,12540.0,2896.0,76420.0,76160.0,114700.0,114960.0,78,78,10,10,6270,1448
4,151617,1703,Aleatorio,true,false,true,true,76,true,true,Avanzada,-91804.0,-101952.0,12540.0,3668.0,76420.0,76100.0,114700.0,115020.0,78,78,10,10,6270,1834
4,151617,1739,Aleatorio,true,false,true,true,82,true,true,Basica,-102160.0,-112064.0,12540.0,2896.0,76420.0,76160.0,114700.0,114960.0,78,78,10,10,6270,1448
4,151617,166,Aleatorio,false,true,true,true,51,true,true,Avanzada,-91804.0,-100240.0,12540.0,10436.0,76420.0,97800.0,114700.0,115320.0,78,100,10,10,6270,5218
4,151617,235,Aleatorio,false,true,true,true,29,true,true,Basica,-102160.0,-105920.0,12540.0,8860.0,76420.0,77340.0,114700.0,114780.0,78,79,10,10,6270,4430
4,151617,170,Aleatorio,false,true,true,true,51,true,true,Avanzada,-91804.0,-100240.0,12540.0,10436.0,76420.0,97800.0,114700.0,115320.0,78,100,10,10,6270,5218
4,151617,239,Aleatorio,false,true,true,true,29,true,true,Basica,-102160.0,-105920.0,12540.0,8860.0,76420.0,77340.0,114700.0,114780.0,78,79,10,10,6270,4430
4,151617,169,Aleatorio,false,true,true,true,51,true,true,Avanzada,-91804.0,-100240.0,12540.0,10436.0,76420.0,97800.0,114700.0,115320.0,78,100,10,10,6270,5218
4,151617,240,Aleatorio,false,true,true,true,29,true,true,Basica,-102160.0,-105920.0,12540.0,8860.0,76420.0,77340.0,114700.0,114780.0,78,79,10,10,6270,4430
4,151617,170,Aleatorio,false,true,true,true,51,true,true,Avanzada,-91804.0,-100240.0,12540.0,10436.0,76420.0,97800.0,114700.0,115320.0,78,100,10,10,6270,5218
4,151617,251,Aleatorio,false,true,true,true,29,true,true,Basica,-102160.0,-105920.0,12540.0,8860.0,76420.0,77340.0,114700.0,114780.0,78,79,10,10,6270,4430
4,151617,177,Aleatorio,false,true,true,true,51,true,true,Avanzada,-91804.0,-100240.0,12540.0,10436.0,76420.0,97800.0,114700.0,115320.0,78,100,10,10,6270,5218
4,151617,252,Aleatorio,false,true,true,true,29,true,true,Basica,-102160.0,-105920.0,12540.0,8860.0,76420.0,77340.0,114700.0,114780.0,78,79,10,10,6270,4430
4,151617,2329,Aleatorio,true,true,false,false,116,true,true,Avanzada,-91804.0,-105526.0,12540.0,5724.0,76420.0,97770.0,114700.0,115350.0,78,100,10,10,6270,2862
4,151617,2118,Aleatorio,true,true,false,false,80,true,true,Basica,-102160.0,-111600.0,12540.0,3480.0,76420.0,76040.0,114700.0,115080.0,78,78,10,10,6270,1740
4,151617,2276,Aleatorio,true,true,false,false,116,true,true,Avanzada,-91804.0,-105526.0,12540.0,5724.0,76420.0,97770.0,114700.0,115350.0,78,100,10,10,6270,2862
4,151617,2029,Aleatorio,true,true,false,false,80,true,true,Basica,-102160.0,-111600.0,12540.0,3480.0,76420.0,76040.0,114700.0,115080.0,78,78,10,10,6270,1740
4,151617,2288,Aleatorio,true,true,false,false,116,true,true,Avanzada,-91804.0,-105526.0,12540.0,5724.0,76420.0,97770.0,114700.0,115350.0,78,100,10,10,6270,2862
4,151617,2009,Aleatorio,true,true,false,false,80,true,true,Basica,-102160.0,-111600.0,12540.0,3480.0,76420.0,76040.0,114700.0,115080.0,78,78,10,10,6270,1740
4,151617,2267,Aleatorio,true,true,false,false,116,true,true,Avanzada,-91804.0,-105526.0,12540.0,5724.0,76420.0,97770.0,114700.0,115350.0,78,100,10,10,6270,2862
4,151617,1942,Aleatorio,true,true,false,false,80,true,true,Basica,-102160.0,-111600.0,12540.0,3480.0,76420.0,76040.0,114700.0,115080.0,78,78,10,10,6270,1740
4,151617,2404,Aleatorio,true,true,false,false,116,true,true,Avanzada,-91804.0,-105526.0,12540.0,5724.0,76420.0,97770.0,114700.0,115350.0,78,100,10,10,6270,2862
4,151617,1952,Aleatorio,true,true,false,false,80,true,true,Basica,-102160.0,-111600.0,12540.0,3480.0,76420.0,76040.0,114700.0,115080.0,78,78,10,10,6270,1740
4,151617,2418,Aleatorio,true,true,true,true,98,true,true,Avanzada,-91804.0,-105852.0,12540.0,5304.0,76420.0,97760.0,114700.0,115360.0,78,100,10,10,6270,2652
4,151617,2518,Aleatorio,true,true,true,true,82,true,true,Basica,-102160.0,-112064.0,12540.0,2896.0,76420.0,76160.0,114700.0,114960.0,78,78,10,10,6270,1448
4,151617,2405,Aleatorio,true,true,true,true,98,true,true,Avanzada,-91804.0,-105852.0,12540.0,5304.0,76420.0,97760.0,114700.0,115360.0,78,100,10,10,6270,2652
4,151617,2879,Aleatorio,true,true,true,true,82,true,true,Basica,-102160.0,-112064.0,12540.0,2896.0,76420.0,76160.0,114700.0,114960.0,78,78,10,10,6270,1448
4,151617,2575,Aleatorio,true,true,true,true,98,true,true,Avanzada,-91804.0,-105852.0,12540.0,5304.0,76420.0,97760.0,114700.0,115360.0,78,100,10,10,6270,2652
4,151617,2804,Aleatorio,true,true,true,true,82,true,true,Basica,-102160.0,-112064.0,12540.0,2896.0,76420.0,76160.0,114700.0,114960.0,78,78,10,10,6270,1448
4,151617,2439,Aleatorio,true,true,true,true,98,true,true,Avanzada,-91804.0,-105852.0,12540.0,5304.0,76420.0,97760.0,114700.0,115360.0,78,100,10,10,6270,2652
4,151617,2497,Aleatorio,true,true,true,true,82,true,true,Basica,-102160.0,-112064.0,12540.0,2896.0,76420.0,76160.0,114700.0,114960.0,78,78,10,10,6270,1448
4,151617,2495,Aleatorio,true,true,true,true,98,true,true,Avanzada,-91804.0,-105852.0,12540.0,5304.0,76420.0,97760.0,114700.0,115360.0,78,100,10,10,6270,2652
4,151617,2748,Aleatorio,true,true,true,true,82,true,true,Basica,-102160.0,-112064.0,12540.0,2896.0,76420.0,76160.0,114700.0,114960.0,78,78,10,10,6270,1448
5,181920,1441,Aleatorio,true,false,false,false,74,true,true,Avanzada,-91984.0,-100498.0,12524.0,5392.0,79060.0,78830.0,115520.0,115750.0,81,81,10,10,6262,2696
5,181920,1601,Aleatorio,true,false,false,false,76,true,true,Basica,-102996.0,-111110.0,12524.0,4700.0,79060.0,78770.0,115520.0,115810.0,81,81,10,10,6262,2350
5,181920,1514,Aleatorio,true,false,false,false,74,true,true,Avanzada,-91984.0,-100498.0,12524.0,5392.0,79060.0,78830.0,115520.0,115750.0,81,81,10,10,6262,2696
5,181920,1496,Aleatorio,true,false,false,false,76,true,true,Basica,-102996.0,-111110.0,12524.0,4700.0,79060.0,78770.0,115520.0,115810.0,81,81,10,10,6262,2350
5,181920,1451,Aleatorio,true,false,false,false,74,true,true,Avanzada,-91984.0,-100498.0,12524.0,5392.0,79060.0,78830.0,115520.0,115750.0,81,81,10,10,6262,2696
5,181920,1575,Aleatorio,true,false,false,false,76,true,true,Basica,-102996.0,-111110.0,12524.0,4700.0,79060.0,78770.0,115520.0,115810.0,81,81,10,10,6262,2350
5,181920,1485,Aleatorio,true,false,false,false,74,true,true,Avanzada,-91984.0,-100498.0,12524.0,5392.0,79060.0,78830.0,115520.0,115750.0,81,81,10,10,6262,2696
5,181920,1423,Aleatorio,true,false,false,false,76,true,true,Basica,-102996.0,-111110.0,12524.0,4700.0,79060.0,78770.0,115520.0,115810.0,81,81,10,10,6262,2350
5,181920,1472,Aleatorio,true,false,false,false,74,true,true,Avanzada,-91984.0,-100498.0,12524.0,5392.0,79060.0,78830.0,115520.0,115750.0,81,81,10,10,6262,2696
5,181920,1443,Aleatorio,true,false,false,false,76,true,true,Basica,-102996.0,-111110.0,12524.0,4700.0,79060.0,78770.0,115520.0,115810.0,81,81,10,10,6262,2350
5,181920,7,Aleatorio,false,true,false,false,3,true,true,Avanzada,-91984.0,-92486.0,12524.0,12548.0,79060.0,81030.0,115520.0,115550.0,81,83,10,10,6262,6274
5,181920,5,Aleatorio,false,true,false,false,2,true,true,Basica,-102996.0,-103006.0,12524.0,12524.0,79060.0,80050.0,115520.0,115530.0,81,82,10,10,6262,6262
5,181920,7,Aleatorio,false,true,false,false,3,true,true,Avanzada,-91984.0,-92486.0,12524.0,12548.0,79060.0,81030.0,115520.0,115550.0,81,83,10,10,6262,6274
5,181920,6,Aleatorio,false,true,false,false,2,true,true,Basica,-102996.0,-103006.0,12524.0,12524.0,79060.0,80050.0,115520.0,115530.0,81,82,10,10,6262,6262
5,181920,9,Aleatorio,false,true,false,false,3,true,true,Avanzada,-91984.0,-92486.0,12524.0,12548.0,79060.0,81030.0,115520.0,115550.0,81,83,10,10,6262,6274
5,181920,5,Aleatorio,false,true,false,false,2,true,true,Basica,-102996.0,-103006.0,12524.0,12524.0,79060.0,80050.0,115520.0,115530.0,81,82,10,10,6262,6262
5,181920,7,Aleatorio,false,true,false,false,3,true,true,Avanzada,-91984.0,-92486.0,12524.0,12548.0,79060.0,81030.0,115520.0,115550.0,81,83,10,10,6262,6274
5,181920,5,Aleatorio,false,true,false,false,2,true,true,Basica,-102996.0,-103006.0,12524.0,12524.0,79060.0,80050.0,115520.0,115530.0,81,82,10,10,6262,6262
5,181920,8,Aleatorio,false,true,false,false,3,true,true,Avanzada,-91984.0,-92486.0,12524.0,12548.0,79060.0,81030.0,115520.0,115550.0,81,83,10,10,6262,6274
5,181920,5,Aleatorio,false,true,false,false,2,true,true,Basica,-102996.0,-103006.0,12524.0,12524.0,79060.0,80050.0,115520.0,115530.0,81,82,10,10,6262,6262
5,181920,54,Aleatorio,false,false,true,false,25,true,true,Avanzada,-91984.0,-94920.0,12524.0,9588.0,79060.0,79060.0,115520.0,115520.0,81,81,10,10,6262,4794
5,181920,58,Aleatorio,false,false,true,false,25,true,true,Basica,-102996.0,-105932.0,12524.0,9588.0,79060.0,79060.0,115520.0,115520.0,81,81,10,10,6262,4794
5,181920,66,Aleatorio,false,false,true,false,25,true,true,Avanzada,-91984.0,-94920.0,12524.0,9588.0,79060.0,79060.0,115520.0,115520.0,81,81,10,10,6262,4794
5,181920,61,Aleatorio,false,false,true,false,25,true,true,Basica,-102996.0,-105932.0,12524.0,9588.0,79060.0,79060.0,115520.0,115520.0,81,81,10,10,6262,4794
5,181920,58,Aleatorio,false,false,true,false,25,true,true,Avanzada,-91984.0,-94920.0,12524.0,9588.0,79060.0,79060.0,115520.0,115520.0,81,81,10,10,6262,4794
5,181920,57,Aleatorio,false,false,true,false,25,true,true,Basica,-102996.0,-105932.0,12524.0,9588.0,79060.0,79060.0,115520.0,115520.0,81,81,10,10,6262,4794
5,181920,59,Aleatorio,false,false,true,false,25,true,true,Avanzada,-91984.0,-94920.0,12524.0,9588.0,79060.0,79060.0,115520.0,115520.0,81,81,10,10,6262,4794
5,181920,52,Aleatorio,false,false,true,false,25,true,true,Basica,-102996.0,-105932.0,12524.0,9588.0,79060.0,79060.0,115520.0,115520.0,81,81,10,10,6262,4794
5,181920,55,Aleatorio,false,false,true,false,25,true,true,Avanzada,-91984.0,-94920.0,12524.0,9588.0,79060.0,79060.0,115520.0,115520.0,81,81,10,10,6262,4794
5,181920,52,Aleatorio,false,false,true,false,25,true,true,Basica,-102996.0,-105932.0,12524.0,9588.0,79060.0,79060.0,115520.0,115520.0,81,81,10,10,6262,4794
5,181920,1732,Aleatorio,true,false,true,true,78,true,true,Avanzada,-91984.0,-101386.0,12524.0,4424.0,79060.0,78830.0,115520.0,115750.0,81,81,10,10,6262,2212
5,181920,1963,Aleatorio,true,false,true,true,76,true,true,Basica,-102996.0,-111812.0,12524.0,3988.0,79060.0,78780.0,115520.0,115800.0,81,81,10,10,6262,1994
5,181920,1708,Aleatorio,true,false,true,true,78,true,true,Avanzada,-91984.0,-101386.0,12524.0,4424.0,79060.0,78830.0,115520.0,115750.0,81,81,10,10,6262,2212
5,181920,1681,Aleatorio,true,false,true,true,76,true,true,Basica,-102996.0,-111812.0,12524.0,3988.0,79060.0,78780.0,115520.0,115800.0,81,81,10,10,6262,1994
5,181920,1768,Aleatorio,true,false,true,true,78,true,true,Avanzada,-91984.0,-101386.0,12524.0,4424.0,79060.0,78830.0,115520.0,115750.0,81,81,10,10,6262,2212
5,181920,1663,Aleatorio,true,false,true,true,76,true,true,Basica,-102996.0,-111812.0,12524.0,3988.0,79060.0,78780.0,115520.0,115800.0,81,81,10,10,6262,1994
5,181920,1862,Aleatorio,true,false,true,true,78,true,true,Avanzada,-91984.0,-101386.0,12524.0,4424.0,79060.0,78830.0,115520.0,115750.0,81,81,10,10,6262,2212
5,181920,1813,Aleatorio,true,false,true,true,76,true,true,Basica,-102996.0,-111812.0,12524.0,3988.0,79060.0,78780.0,115520.0,115800.0,81,81,10,10,6262,1994
5,181920,2001,Aleatorio,true,false,true,true,78,true,true,Avanzada,-91984.0,-101386.0,12524.0,4424.0,79060.0,78830.0,115520.0,115750.0,81,81,10,10,6262,2212
5,181920,1643,Aleatorio,true,false,true,true,76,true,true,Basica,-102996.0,-111812.0,12524.0,3988.0,79060.0,78780.0,115520.0,115800.0,81,81,10,10,6262,1994
5,181920,136,Aleatorio,false,true,true,true,42,true,true,Avanzada,-91984.0,-98832.0,12524.0,10972.0,79060.0,95700.0,115520.0,115880.0,81,98,10,10,6262,5486
5,181920,190,Aleatorio,false,true,true,true,27,true,true,Basica,-102996.0,-105950.0,12524.0,9660.0,79060.0,80970.0,115520.0,115610.0,81,83,10,10,6262,4830
5,181920,141,Aleatorio,false,true,true,true,42,true,true,Avanzada,-91984.0,-98832.0,12524.0,10972.0,79060.0,95700.0,115520.0,115880.0,81,98,10,10,6262,5486
5,181920,191,Aleatorio,false,true,true,true,27,true,true,Basica,-102996.0,-105950.0,12524.0,9660.0,79060.0,80970.0,115520.0,115610.0,81,83,10,10,6262,4830
5,181920,140,Aleatorio,false,true,true,true,42,true,true,Avanzada,-91984.0,-98832.0,12524.0,10972.0,79060.0,95700.0,115520.0,115880.0,81,98,10,10,6262,5486
5,181920,191,Aleatorio,false,true,true,true,27,true,true,Basica,-102996.0,-105950.0,12524.0,9660.0,79060.0,80970.0,115520.0,115610.0,81,83,10,10,6262,4830
5,181920,141,Aleatorio,false,true,true,true,42,true,true,Avanzada,-91984.0,-98832.0,12524.0,10972.0,79060.0,95700.0,115520.0,115880.0,81,98,10,10,6262,5486
5,181920,197,Aleatorio,false,true,true,true,27,true,true,Basica,-102996.0,-105950.0,12524.0,9660.0,79060.0,80970.0,115520.0,115610.0,81,83,10,10,6262,4830
5,181920,144,Aleatorio,false,true,true,true,42,true,true,Avanzada,-91984.0,-98832.0,12524.0,10972.0,79060.0,95700.0,115520.0,115880.0,81,98,10,10,6262,5486
5,181920,191,Aleatorio,false,true,true,true,27,true,true,Basica,-102996.0,-105950.0,12524.0,9660.0,79060.0,80970.0,115520.0,115610.0,81,83,10,10,6262,4830
5,181920,2013,Aleatorio,true,true,false,false,98,true,true,Avanzada,-91984.0,-104292.0,12524.0,6864.0,79060.0,97560.0,115520.0,116020.0,81,100,10,10,6262,3432
5,181920,2127,Aleatorio,true,true,false,false,76,true,true,Basica,-102996.0,-111112.0,12524.0,4708.0,79060.0,79760.0,115520.0,115820.0,81,82,10,10,6262,2354
5,181920,1917,Aleatorio,true,true,false,false,98,true,true,Avanzada,-91984.0,-104292.0,12524.0,6864.0,79060.0,97560.0,115520.0,116020.0,81,100,10,10,6262,3432
5,181920,1886,Aleatorio,true,true,false,false,76,true,true,Basica,-102996.0,-111112.0,12524.0,4708.0,79060.0,79760.0,115520.0,115820.0,81,82,10,10,6262,2354
5,181920,2019,Aleatorio,true,true,false,false,98,true,true,Avanzada,-91984.0,-104292.0,12524.0,6864.0,79060.0,97560.0,115520.0,116020.0,81,100,10,10,6262,3432
5,181920,1900,Aleatorio,true,true,false,false,76,true,true,Basica,-102996.0,-111112.0,12524.0,4708.0,79060.0,79760.0,115520.0,115820.0,81,82,10,10,6262,2354
5,181920,2003,Aleatorio,true,true,false,false,98,true,true,Avanzada,-91984.0,-104292.0,12524.0,6864.0,79060.0,97560.0,115520.0,116020.0,81,100,10,10,6262,3432
5,181920,1883,Aleatorio,true,true,false,false,76,true,true,Basica,-102996.0,-111112.0,12524.0,4708.0,79060.0,79760.0,115520.0,115820.0,81,82,10,10,6262,2354
5,181920,1937,Aleatorio,true,true,false,false,98,true,true,Avanzada,-91984.0,-104292.0,12524.0,6864.0,79060.0,97560.0,115520.0,116020.0,81,100,10,10,6262,3432
5,181920,2006,Aleatorio,true,true,false,false,76,true,true,Basica,-102996.0,-111112.0,12524.0,4708.0,79060.0,79760.0,115520.0,115820.0,81,82,10,10,6262,2354
5,181920,2132,Aleatorio,true,true,true,true,88,true,true,Avanzada,-91984.0,-104628.0,12524.0,6416.0,79060.0,97520.0,115520.0,116060.0,81,100,10,10,6262,3208
5,181920,2131,Aleatorio,true,true,true,true,76,true,true,Basica,-102996.0,-111812.0,12524.0,3988.0,79060.0,78780.0,115520.0,115800.0,81,81,10,10,6262,1994
5,181920,2061,Aleatorio,true,true,true,true,88,true,true,Avanzada,-91984.0,-104628.0,12524.0,6416.0,79060.0,97520.0,115520.0,116060.0,81,100,10,10,6262,3208
5,181920,2133,Aleatorio,true,true,true,true,76,true,true,Basica,-102996.0,-111812.0,12524.0,3988.0,79060.0,78780.0,115520.0,115800.0,81,81,10,10,6262,1994
5,181920,2142,Aleatorio,true,true,true,true,88,true,true,Avanzada,-91984.0,-104628.0,12524.0,6416.0,79060.0,97520.0,115520.0,116060.0,81,100,10,10,6262,3208
5,181920,2181,Aleatorio,true,true,true,true,76,true,true,Basica,-102996.0,-111812.0,12524.0,3988.0,79060.0,78780.0,115520.0,115800.0,81,81,10,10,6262,1994
5,181920,2325,Aleatorio,true,true,true,true,88,true,true,Avanzada,-91984.0,-104628.0,12524.0,6416.0,79060.0,97520.0,115520.0,116060.0,81,100,10,10,6262,3208
5,181920,2153,Aleatorio,true,true,true,true,76,true,true,Basica,-102996.0,-111812.0,12524.0,3988.0,79060.0,78780.0,115520.0,115800.0,81,81,10,10,6262,1994
5,181920,2114,Aleatorio,true,true,true,true,88,true,true,Avanzada,-91984.0,-104628.0,12524.0,6416.0,79060.0,97520.0,115520.0,116060.0,81,100,10,10,6262,3208
5,181920,2268,Aleatorio,true,true,true,true,76,true,true,Basica,-102996.0,-111812.0,12524.0,3988.0,79060.0,78780.0,115520.0,115800.0,81,81,10,10,6262,1994
6,2134565223,1567,Aleatorio,true,false,false,false,78,true,true,Avanzada,-92594.0,-101868.0,12568.0,4884.0,76530.0,76120.0,115650.0,116060.0,78,78,10,10,6284,2442
6,2134565223,1579,Aleatorio,true,false,false,false,84,true,true,Basica,-103082.0,-112456.0,12568.0,3504.0,76530.0,76220.0,115650.0,115960.0,78,78,10,10,6284,1752
6,2134565223,1525,Aleatorio,true,false,false,false,78,true,true,Avanzada,-92594.0,-101868.0,12568.0,4884.0,76530.0,76120.0,115650.0,116060.0,78,78,10,10,6284,2442
6,2134565223,1557,Aleatorio,true,false,false,false,84,true,true,Basica,-103082.0,-112456.0,12568.0,3504.0,76530.0,76220.0,115650.0,115960.0,78,78,10,10,6284,1752
6,2134565223,1857,Aleatorio,true,false,false,false,78,true,true,Avanzada,-92594.0,-101868.0,12568.0,4884.0,76530.0,76120.0,115650.0,116060.0,78,78,10,10,6284,2442
6,2134565223,1631,Aleatorio,true,false,false,false,84,true,true,Basica,-103082.0,-112456.0,12568.0,3504.0,76530.0,76220.0,115650.0,115960.0,78,78,10,10,6284,1752
6,2134565223,1590,Aleatorio,true,false,false,false,78,true,true,Avanzada,-92594.0,-101868.0,12568.0,4884.0,76530.0,76120.0,115650.0,116060.0,78,78,10,10,6284,2442
6,2134565223,1643,Aleatorio,true,false,false,false,84,true,true,Basica,-103082.0,-112456.0,12568.0,3504.0,76530.0,76220.0,115650.0,115960.0,78,78,10,10,6284,1752
6,2134565223,1627,Aleatorio,true,false,false,false,78,true,true,Avanzada,-92594.0,-101868.0,12568.0,4884.0,76530.0,76120.0,115650.0,116060.0,78,78,10,10,6284,2442
6,2134565223,1658,Aleatorio,true,false,false,false,84,true,true,Basica,-103082.0,-112456.0,12568.0,3504.0,76530.0,76220.0,115650.0,115960.0,78,78,10,10,6284,1752
6,2134565223,14,Aleatorio,false,true,false,false,4,true,true,Avanzada,-92594.0,-93430.0,12568.0,12652.0,76530.0,79350.0,115650.0,115830.0,78,81,10,10,6284,6326
6,2134565223,10,Aleatorio,false,true,false,false,3,true,true,Basica,-103082.0,-103198.0,12568.0,12612.0,76530.0,78370.0,115650.0,115810.0,78,80,10,10,6284,6306
6,2134565223,15,Aleatorio,false,true,false,false,4,true,true,Avanzada,-92594.0,-93430.0,12568.0,12652.0,76530.0,79350.0,115650.0,115830.0,78,81,10,10,6284,6326
6,2134565223,9,Aleatorio,false,true,false,false,3,true,true,Basica,-103082.0,-103198.0,12568.0,12612.0,76530.0,78370.0,115650.0,115810.0,78,80,10,10,6284,6306
6,2134565223,13,Aleatorio,false,true,false,false,4,true,true,Avanzada,-92594.0,-93430.0,12568.0,12652.0,76530.0,79350.0,115650.0,115830.0,78,81,10,10,6284,6326
6,2134565223,10,Aleatorio,false,true,false,false,3,true,true,Basica,-103082.0,-103198.0,12568.0,12612.0,76530.0,78370.0,115650.0,115810.0,78,80,10,10,6284,6306
6,2134565223,13,Aleatorio,false,true,false,false,4,true,true,Avanzada,-92594.0,-93430.0,12568.0,12652.0,76530.0,79350.0,115650.0,115830.0,78,81,10,10,6284,6326
6,2134565223,10,Aleatorio,false,true,false,false,3,true,true,Basica,-103082.0,-103198.0,12568.0,12612.0,76530.0,78370.0,115650.0,115810.0,78,80,10,10,6284,6306
6,2134565223,13,Aleatorio,false,true,false,false,4,true,true,Avanzada,-92594.0,-93430.0,12568.0,12652.0,76530.0,79350.0,115650.0,115830.0,78,81,10,10,6284,6326
6,2134565223,10,Aleatorio,false,true,false,false,3,true,true,Basica,-103082.0,-103198.0,12568.0,12612.0,76530.0,78370.0,115650.0,115810.0,78,80,10,10,6284,6306
6,2134565223,51,Aleatorio,false,false,true,false,22,true,true,Avanzada,-92594.0,-95194.0,12568.0,9968.0,76530.0,76530.0,115650.0,115650.0,78,78,10,10,6284,4984
6,2134565223,49,Aleatorio,false,false,true,false,22,true,true,Basica,-103082.0,-105682.0,12568.0,9968.0,76530.0,76530.0,115650.0,115650.0,78,78,10,10,6284,4984
6,2134565223,54,Aleatorio,false,false,true,false,22,true,true,Avanzada,-92594.0,-95194.0,12568.0,9968.0,76530.0,76530.0,115650.0,115650.0,78,78,10,10,6284,4984
6,2134565223,49,Aleatorio,false,false,true,false,22,true,true,Basica,-103082.0,-105682.0,12568.0,9968.0,76530.0,76530.0,115650.0,115650.0,78,78,10,10,6284,4984
6,2134565223,48,Aleatorio,false,false,true,false,22,true,true,Avanzada,-92594.0,-95194.0,12568.0,9968.0,76530.0,76530.0,115650.0,115650.0,78,78,10,10,6284,4984
6,2134565223,47,Aleatorio,false,false,true,false,22,true,true,Basica,-103082.0,-105682.0,12568.0,9968.0,76530.0,76530.0,115650.0,115650.0,78,78,10,10,6284,4984
6,2134565223,49,Aleatorio,false,false,true,false,22,true,true,Avanzada,-92594.0,-95194.0,12568.0,9968.0,76530.0,76530.0,115650.0,115650.0,78,78,10,10,6284,4984
6,2134565223,49,Aleatorio,false,false,true,false,22,true,true,Basica,-103082.0,-105682.0,12568.0,9968.0,76530.0,76530.0,115650.0,115650.0,78,78,10,10,6284,4984
6,2134565223,49,Aleatorio,false,false,true,false,22,true,true,Avanzada,-92594.0,-95194.0,12568.0,9968.0,76530.0,76530.0,115650.0,115650.0,78,78,10,10,6284,4984
6,2134565223,47,Aleatorio,false,false,true,false,22,true,true,Basica,-103082.0,-105682.0,12568.0,9968.0,76530.0,76530.0,115650.0,115650.0,78,78,10,10,6284,4984
6,2134565223,2100,Aleatorio,true,false,true,true,86,true,true,Avanzada,-92594.0,-102952.0,12568.0,3796.0,76530.0,76080.0,115650.0,116100.0,78,78,10,10,6284,1898
6,2134565223,1729,Aleatorio,true,false,true,true,77,true,true,Basica,-103082.0,-112744.0,12568.0,3216.0,76530.0,76220.0,115650.0,115960.0,78,78,10,10,6284,1608
6,2134565223,2184,Aleatorio,true,false,true,true,86,true,true,Avanzada,-92594.0,-102952.0,12568.0,3796.0,76530.0,76080.0,115650.0,116100.0,78,78,10,10,6284,1898
6,2134565223,1762,Aleatorio,true,false,true,true,77,true,true,Basica,-103082.0,-112744.0,12568.0,3216.0,76530.0,76220.0,115650.0,115960.0,78,78,10,10,6284,1608
6,2134565223,2010,Aleatorio,true,false,true,true,86,true,true,Avanzada,-92594.0,-102952.0,12568.0,3796.0,76530.0,76080.0,115650.0,116100.0,78,78,10,10,6284,1898
6,2134565223,1674,Aleatorio,true,false,true,true,77,true,true,Basica,-103082.0,-112744.0,12568.0,3216.0,76530.0,76220.0,115650.0,115960.0,78,78,10,10,6284,1608
6,2134565223,1908,Aleatorio,true,false,true,true,86,true,true,Avanzada,-92594.0,-102952.0,12568.0,3796.0,76530.0,76080.0,115650.0,116100.0,78,78,10,10,6284,1898
6,2134565223,1650,Aleatorio,true,false,true,true,77,true,true,Basica,-103082.0,-112744.0,12568.0,3216.0,76530.0,76220.0,115650.0,115960.0,78,78,10,10,6284,1608
6,2134565223,1958,Aleatorio,true,false,true,true,86,true,true,Avanzada,-92594.0,-102952.0,12568.0,3796.0,76530.0,76080.0,115650.0,116100.0,78,78,10,10,6284,1898
6,2134565223,1650,Aleatorio,true,false,true,true,77,true,true,Basica,-103082.0,-112744.0,12568.0,3216.0,76530.0,76220.0,115650.0,115960.0,78,78,10,10,6284,1608
6,2134565223,153,Aleatorio,false,true,true,true,42,true,true,Avanzada,-92594.0,-99652.0,12568.0,11384.0,76530.0,95940.0,115650.0,116240.0,78,98,10,10,6284,5692
6,2134565223,178,Aleatorio,false,true,true,true,24,true,true,Basica,-103082.0,-105798.0,12568.0,10012.0,76530.0,78370.0,115650.0,115810.0,78,80,10,10,6284,5006
6,2134565223,151,Aleatorio,false,true,true,true,42,true,true,Avanzada,-92594.0,-99652.0,12568.0,11384.0,76530.0,95940.0,115650.0,116240.0,78,98,10,10,6284,5692
6,2134565223,177,Aleatorio,false,true,true,true,24,true,true,Basica,-103082.0,-105798.0,12568.0,10012.0,76530.0,78370.0,115650.0,115810.0,78,80,10,10,6284,5006
6,2134565223,157,Aleatorio,false,true,true,true,42,true,true,Avanzada,-92594.0,-99652.0,12568.0,11384.0,76530.0,95940.0,115650.0,116240.0,78,98,10,10,6284,5692
6,2134565223,193,Aleatorio,false,true,true,true,24,true,true,Basica,-103082.0,-105798.0,12568.0,10012.0,76530.0,78370.0,115650.0,115810.0,78,80,10,10,6284,5006
6,2134565223,165,Aleatorio,false,true,true,true,42,true,true,Avanzada,-92594.0,-99652.0,12568.0,11384.0,76530.0,95940.0,115650.0,116240.0,78,98,10,10,6284,5692
6,2134565223,188,Aleatorio,false,true,true,true,24,true,true,Basica,-103082.0,-105798.0,12568.0,10012.0,76530.0,78370.0,115650.0,115810.0,78,80,10,10,6284,5006
6,2134565223,164,Aleatorio,false,true,true,true,42,true,true,Avanzada,-92594.0,-99652.0,12568.0,11384.0,76530.0,95940.0,115650.0,116240.0,78,98,10,10,6284,5692
6,2134565223,173,Aleatorio,false,true,true,true,24,true,true,Basica,-103082.0,-105798.0,12568.0,10012.0,76530.0,78370.0,115650.0,115810.0,78,80,10,10,6284,5006
6,2134565223,2452,Aleatorio,true,true,false,false,109,true,true,Avanzada,-92594.0,-106264.0,12568.0,5864.0,76530.0,97840.0,115650.0,116340.0,78,100,10,10,6284,2932
6,2134565223,2196,Aleatorio,true,true,false,false,84,true,true,Basica,-103082.0,-112456.0,12568.0,3504.0,76530.0,76220.0,115650.0,115960.0,78,78,10,10,6284,1752
6,2134565223,2241,Aleatorio,true,true,false,false,109,true,true,Avanzada,-92594.0,-106264.0,12568.0,5864.0,76530.0,97840.0,115650.0,116340.0,78,100,10,10,6284,2932
6,2134565223,2224,Aleatorio,true,true,false,false,84,true,true,Basica,-103082.0,-112456.0,12568.0,3504.0,76530.0,76220.0,115650.0,115960.0,78,78,10,10,6284,1752
6,2134565223,2552,Aleatorio,true,true,false,false,109,true,true,Avanzada,-92594.0,-106264.0,12568.0,5864.0,76530.0,97840.0,115650.0,116340.0,78,100,10,10,6284,2932
6,2134565223,2323,Aleatorio,true,true,false,false,84,true,true,Basica,-103082.0,-112456.0,12568.0,3504.0,76530.0,76220.0,115650.0,115960.0,78,78,10,10,6284,1752
6,2134565223,2315,Aleatorio,true,true,false,false,109,true,true,Avanzada,-92594.0,-106264.0,12568.0,5864.0,76530.0,97840.0,115650.0,116340.0,78,100,10,10,6284,2932
6,2134565223,2231,Aleatorio,true,true,false,false,84,true,true,Basica,-103082.0,-112456.0,12568.0,3504.0,76530.0,76220.0,115650.0,115960.0,78,78,10,10,6284,1752
6,2134565223,2292,Aleatorio,true,true,false,false,109,true,true,Avanzada,-92594.0,-106264.0,12568.0,5864.0,76530.0,97840.0,115650.0,116340.0,78,100,10,10,6284,2932
6,2134565223,2479,Aleatorio,true,true,false,false,84,true,true,Basica,-103082.0,-112456.0,12568.0,3504.0,76530.0,76220.0,115650.0,115960.0,78,78,10,10,6284,1752
6,2134565223,2899,Aleatorio,true,true,true,true,103,true,true,Avanzada,-92594.0,-106796.0,12568.0,5308.0,76530.0,97860.0,115650.0,116320.0,78,100,10,10,6284,2654
6,2134565223,2515,Aleatorio,true,true,true,true,76,true,true,Basica,-103082.0,-112738.0,12568.0,3232.0,76530.0,77210.0,115650.0,115970.0,78,79,10,10,6284,1616
6,2134565223,2545,Aleatorio,true,true,true,true,103,true,true,Avanzada,-92594.0,-106796.0,12568.0,5308.0,76530.0,97860.0,115650.0,116320.0,78,100,10,10,6284,2654
6,2134565223,2231,Aleatorio,true,true,true,true,76,true,true,Basica,-103082.0,-112738.0,12568.0,3232.0,76530.0,77210.0,115650.0,115970.0,78,79,10,10,6284,1616
6,2134565223,2556,Aleatorio,true,true,true,true,103,true,true,Avanzada,-92594.0,-106796.0,12568.0,5308.0,76530.0,97860.0,115650.0,116320.0,78,100,10,10,6284,2654
6,2134565223,2255,Aleatorio,true,true,true,true,76,true,true,Basica,-103082.0,-112738.0,12568.0,3232.0,76530.0,77210.0,115650.0,115970.0,78,79,10,10,6284,1616
6,2134565223,2694,Aleatorio,true,true,true,true,103,true,true,Avanzada,-92594.0,-106796.0,12568.0,5308.0,76530.0,97860.0,115650.0,116320.0,78,100,10,10,6284,2654
6,2134565223,2322,Aleatorio,true,true,true,true,76,true,true,Basica,-103082.0,-112738.0,12568.0,3232.0,76530.0,77210.0,115650.0,115970.0,78,79,10,10,6284,1616
6,2134565223,2907,Aleatorio,true,true,true,true,103,true,true,Avanzada,-92594.0,-106796.0,12568.0,5308.0,76530.0,97860.0,115650.0,116320.0,78,100,10,10,6284,2654
6,2134565223,2455,Aleatorio,true,true,true,true,76,true,true,Basica,-103082.0,-112738.0,12568.0,3232.0,76530.0,77210.0,115650.0,115970.0,78,79,10,10,6284,1616
7,242526,1399,Aleatorio,true,false,false,false,66,true,true,Avanzada,-95168.0,-104374.0,12636.0,4828.0,74540.0,74190.0,120660.0,121010.0,76,76,10,10,6318,2414
7,242526,1414,Aleatorio,true,false,false,false,66,true,true,Basica,-108024.0,-116936.0,12636.0,4044.0,74540.0,74220.0,120660.0,120980.0,76,76,10,10,6318,2022
7,242526,1444,Aleatorio,true,false,false,false,66,true,true,Avanzada,-95168.0,-104374.0,12636.0,4828.0,74540.0,74190.0,120660.0,121010.0,76,76,10,10,6318,2414
7,242526,1364,Aleatorio,true,false,false,false,66,true,true,Basica,-108024.0,-116936.0,12636.0,4044.0,74540.0,74220.0,120660.0,120980.0,76,76,10,10,6318,2022
7,242526,1491,Aleatorio,true,false,false,false,66,true,true,Avanzada,-95168.0,-104374.0,12636.0,4828.0,74540.0,74190.0,120660.0,121010.0,76,76,10,10,6318,2414
7,242526,1481,Aleatorio,true,false,false,false,66,true,true,Basica,-108024.0,-116936.0,12636.0,4044.0,74540.0,74220.0,120660.0,120980.0,76,76,10,10,6318,2022
7,242526,1762,Aleatorio,true,false,false,false,66,true,true,Avanzada,-95168.0,-104374.0,12636.0,4828.0,74540.0,74190.0,120660.0,121010.0,76,76,10,10,6318,2414
7,242526,1364,Aleatorio,true,false,false,false,66,true,true,Basica,-108024.0,-116936.0,12636.0,4044.0,74540.0,74220.0,120660.0,120980.0,76,76,10,10,6318,2022
7,242526,1443,Aleatorio,true,false,false,false,66,true,true,Avanzada,-95168.0,-104374.0,12636.0,4828.0,74540.0,74190.0,120660.0,121010.0,76,76,10,10,6318,2414
7,242526,1356,Aleatorio,true,false,false,false,66,true,true,Basica,-108024.0,-116936.0,12636.0,4044.0,74540.0,74220.0,120660.0,120980.0,76,76,10,10,6318,2022
7,242526,3,Aleatorio,false,true,false,false,1,true,true,Avanzada,-95168.0,-95168.0,12636.0,12636.0,74540.0,74540.0,120660.0,120660.0,76,76,10,10,6318,6318
7,242526,4,Aleatorio,false,true,false,false,1,true,true,Basica,-108024.0,-108024.0,12636.0,12636.0,74540.0,74540.0,120660.0,120660.0,76,76,10,10,6318,6318
7,242526,3,Aleatorio,false,true,false,false,1,true,true,Avanzada,-95168.0,-95168.0,12636.0,12636.0,74540.0,74540.0,120660.0,120660.0,76,76,10,10,6318,6318
7,242526,4,Aleatorio,false,true,false,false,1,true,true,Basica,-108024.0,-108024.0,12636.0,12636.0,74540.0,74540.0,120660.0,120660.0,76,76,10,10,6318,6318
7,242526,3,Aleatorio,false,true,false,false,1,true,true,Avanzada,-95168.0,-95168.0,12636.0,12636.0,74540.0,74540.0,120660.0,120660.0,76,76,10,10,6318,6318
7,242526,4,Aleatorio,false,true,false,false,1,true,true,Basica,-108024.0,-108024.0,12636.0,12636.0,74540.0,74540.0,120660.0,120660.0,76,76,10,10,6318,6318
7,242526,4,Aleatorio,false,true,false,false,1,true,true,Avanzada,-95168.0,-95168.0,12636.0,12636.0,74540.0,74540.0,120660.0,120660.0,76,76,10,10,6318,6318
7,242526,3,Aleatorio,false,true,false,false,1,true,true,Basica,-108024.0,-108024.0,12636.0,12636.0,74540.0,74540.0,120660.0,120660.0,76,76,10,10,6318,6318
7,242526,4,Aleatorio,false,true,false,false,1,true,true,Avanzada,-95168.0,-95168.0,12636.0,12636.0,74540.0,74540.0,120660.0,120660.0,76,76,10,10,6318,6318
7,242526,4,Aleatorio,false,true,false,false,1,true,true,Basica,-108024.0,-108024.0,12636.0,12636.0,74540.0,74540.0,120660.0,120660.0,76,76,10,10,6318,6318
7,242526,41,Aleatorio,false,false,true,false,18,true,true,Avanzada,-95168.0,-98140.0,12636.0,9664.0,74540.0,74540.0,120660.0,120660.0,76,76,10,10,6318,4832
7,242526,37,Aleatorio,false,false,true,false,18,true,true,Basica,-108024.0,-110996.0,12636.0,9664.0,74540.0,74540.0,120660.0,120660.0,76,76,10,10,6318,4832
7,242526,40,Aleatorio,false,false,true,false,18,true,true,Avanzada,-95168.0,-98140.0,12636.0,9664.0,74540.0,74540.0,120660.0,120660.0,76,76,10,10,6318,4832
7,242526,38,Aleatorio,false,false,true,false,18,true,true,Basica,-108024.0,-110996.0,12636.0,9664.0,74540.0,74540.0,120660.0,120660.0,76,76,10,10,6318,4832
7,242526,40,Aleatorio,false,false,true,false,18,true,true,Avanzada,-95168.0,-98140.0,12636.0,9664.0,74540.0,74540.0,120660.0,120660.0,76,76,10,10,6318,4832
7,242526,38,Aleatorio,false,false,true,false,18,true,true,Basica,-108024.0,-110996.0,12636.0,9664.0,74540.0,74540.0,120660.0,120660.0,76,76,10,10,6318,4832
7,242526,40,Aleatorio,false,false,true,false,18,true,true,Avanzada,-95168.0,-98140.0,12636.0,9664.0,74540.0,74540.0,120660.0,120660.0,76,76,10,10,6318,4832
7,242526,37,Aleatorio,false,false,true,false,18,true,true,Basica,-108024.0,-110996.0,12636.0,9664.0,74540.0,74540.0,120660.0,120660.0,76,76,10,10,6318,4832
7,242526,38,Aleatorio,false,false,true,false,18,true,true,Avanzada,-95168.0,-98140.0,12636.0,9664.0,74540.0,74540.0,120660.0,120660.0,76,76,10,10,6318,4832
7,242526,37,Aleatorio,false,false,true,false,18,true,true,Basica,-108024.0,-110996.0,12636.0,9664.0,74540.0,74540.0,120660.0,120660.0,76,76,10,10,6318,4832
7,242526,1937,Aleatorio,true,false,true,true,76,true,true,Avanzada,-95168.0,-105394.0,12636.0,3940.0,74540.0,74210.0,120660.0,120990.0,76,76,10,10,6318,1970
7,242526,1850,Aleatorio,true,false,true,true,78,true,true,Basica,-108024.0,-117634.0,12636.0,3356.0,74540.0,74210.0,120660.0,120990.0,76,76,10,10,6318,1678
7,242526,2258,Aleatorio,true,false,true,true,76,true,true,Avanzada,-95168.0,-105394.0,12636.0,3940.0,74540.0,74210.0,120660.0,120990.0,76,76,10,10,6318,1970
7,242526,1902,Aleatorio,true,false,true,true,78,true,true,Basica,-108024.0,-117634.0,12636.0,3356.0,74540.0,74210.0,120660.0,120990.0,76,76,10,10,6318,1678
7,242526,2074,Aleatorio,true,false,true,true,76,true,true,Avanzada,-95168.0,-105394.0,12636.0,3940.0,74540.0,74210.0,120660.0,120990.0,76,76,10,10,6318,1970
7,242526,1871,Aleatorio,true,false,true,true,78,true,true,Basica,-108024.0,-117634.0,12636.0,3356.0,74540.0,74210.0,120660.0,120990.0,76,76,10,10,6318,1678
7,242526,1899,Aleatorio,true,false,true,true,76,true,true,Avanzada,-95168.0,-105394.0,12636.0,3940.0,74540.0,74210.0,120660.0,120990.0,76,76,10,10,6318,1970
7,242526,1847,Aleatorio,true,false,true,true,78,true,true,Basica,-108024.0,-117634.0,12636.0,3356.0,74540.0,74210.0,120660.0,120990.0,76,76,10,10,6318,1678
7,242526,2180,Aleatorio,true,false,true,true,76,true,true,Avanzada,-95168.0,-105394.0,12636.0,3940.0,74540.0,74210.0,120660.0,120990.0,76,76,10,10,6318,1970
7,242526,1947,Aleatorio,true,false,true,true,78,true,true,Basica,-108024.0,-117634.0,12636.0,3356.0,74540.0,74210.0,120660.0,120990.0,76,76,10,10,6318,1678
7,242526,152,Aleatorio,false,true,true,true,39,true,true,Avanzada,-95168.0,-102712.0,12636.0,11252.0,74540.0,94020.0,120660.0,121180.0,76,96,10,10,6318,5626
7,242526,159,Aleatorio,false,true,true,true,20,true,true,Basica,-108024.0,-111032.0,12636.0,9748.0,74540.0,76420.0,120660.0,120780.0,76,78,10,10,6318,4874
7,242526,154,Aleatorio,false,true,true,true,39,true,true,Avanzada,-95168.0,-102712.0,12636.0,11252.0,74540.0,94020.0,120660.0,121180.0,76,96,10,10,6318,5626
7,242526,158,Aleatorio,false,true,true,true,20,true,true,Basica,-108024.0,-111032.0,12636.0,9748.0,74540.0,76420.0,120660.0,120780.0,76,78,10,10,6318,4874
7,242526,154,Aleatorio,false,true,true,true,39,true,true,Avanzada,-95168.0,-102712.0,12636.0,11252.0,74540.0,94020.0,120660.0,121180.0,76,96,10,10,6318,5626
7,242526,162,Aleatorio,false,true,true,true,20,true,true,Basica,-108024.0,-111032.0,12636.0,9748.0,74540.0,76420.0,120660.0,120780.0,76,78,10,10,6318,4874
7,242526,158,Aleatorio,false,true,true,true,39,true,true,Avanzada,-95168.0,-102712.0,12636.0,11252.0,74540.0,94020.0,120660.0,121180.0,76,96,10,10,6318,5626
7,242526,165,Aleatorio,false,true,true,true,20,true,true,Basica,-108024.0,-111032.0,12636.0,9748.0,74540.0,76420.0,120660.0,120780.0,76,78,10,10,6318,4874
7,242526,155,Aleatorio,false,true,true,true,39,true,true,Avanzada,-95168.0,-102712.0,12636.0,11252.0,74540.0,94020.0,120660.0,121180.0,76,96,10,10,6318,5626
7,242526,157,Aleatorio,false,true,true,true,20,true,true,Basica,-108024.0,-111032.0,12636.0,9748.0,74540.0,76420.0,120660.0,120780.0,76,78,10,10,6318,4874
7,242526,2321,Aleatorio,true,true,false,false,100,true,true,Avanzada,-95168.0,-109466.0,12636.0,6120.0,74540.0,97870.0,120660.0,121330.0,76,100,10,10,6318,3060
7,242526,2051,Aleatorio,true,true,false,false,68,true,true,Basica,-108024.0,-116956.0,12636.0,4044.0,74540.0,76200.0,120660.0,121000.0,76,78,10,10,6318,2022
7,242526,2663,Aleatorio,true,true,false,false,100,true,true,Avanzada,-95168.0,-109466.0,12636.0,6120.0,74540.0,97870.0,120660.0,121330.0,76,100,10,10,6318,3060
7,242526,2405,Aleatorio,true,true,false,false,68,true,true,Basica,-108024.0,-116956.0,12636.0,4044.0,74540.0,76200.0,120660.0,121000.0,76,78,10,10,6318,2022
7,242526,3088,Aleatorio,true,true,false,false,100,true,true,Avanzada,-95168.0,-109466.0,12636.0,6120.0,74540.0,97870.0,120660.0,121330.0,76,100,10,10,6318,3060
7,242526,2024,Aleatorio,true,true,false,false,68,true,true,Basica,-108024.0,-116956.0,12636.0,4044.0,74540.0,76200.0,120660.0,121000.0,76,78,10,10,6318,2022
7,242526,2352,Aleatorio,true,true,false,false,100,true,true,Avanzada,-95168.0,-109466.0,12636.0,6120.0,74540.0,97870.0,120660.0,121330.0,76,100,10,10,6318,3060
7,242526,2014,Aleatorio,true,true,false,false,68,true,true,Basica,-108024.0,-116956.0,12636.0,4044.0,74540.0,76200.0,120660.0,121000.0,76,78,10,10,6318,2022
7,242526,2373,Aleatorio,true,true,false,false,100,true,true,Avanzada,-95168.0,-109466.0,12636.0,6120.0,74540.0,97870.0,120660.0,121330.0,76,100,10,10,6318,3060
7,242526,1984,Aleatorio,true,true,false,false,68,true,true,Basica,-108024.0,-116956.0,12636.0,4044.0,74540.0,76200.0,120660.0,121000.0,76,78,10,10,6318,2022
7,242526,2589,Aleatorio,true,true,true,true,94,true,true,Avanzada,-95168.0,-109876.0,12636.0,5952.0,74540.0,97860.0,120660.0,121340.0,76,100,10,10,6318,2976
7,242526,2759,Aleatorio,true,true,true,true,78,true,true,Basica,-108024.0,-117634.0,12636.0,3356.0,74540.0,74210.0,120660.0,120990.0,76,76,10,10,6318,1678
7,242526,2585,Aleatorio,true,true,true,true,94,true,true,Avanzada,-95168.0,-109876.0,12636.0,5952.0,74540.0,97860.0,120660.0,121340.0,76,100,10,10,6318,2976
7,242526,2546,Aleatorio,true,true,true,true,78,true,true,Basica,-108024.0,-117634.0,12636.0,3356.0,74540.0,74210.0,120660.0,120990.0,76,76,10,10,6318,1678
7,242526,2566,Aleatorio,true,true,true,true,94,true,true,Avanzada,-95168.0,-109876.0,12636.0,5952.0,74540.0,97860.0,120660.0,121340.0,76,100,10,10,6318,2976
7,242526,2530,Aleatorio,true,true,true,true,78,true,true,Basica,-108024.0,-117634.0,12636.0,3356.0,74540.0,74210.0,120660.0,120990.0,76,76,10,10,6318,1678
7,242526,2846,Aleatorio,true,true,true,true,94,true,true,Avanzada,-95168.0,-109876.0,12636.0,5952.0,74540.0,97860.0,120660.0,121340.0,76,100,10,10,6318,2976
7,242526,2704,Aleatorio,true,true,true,true,78,true,true,Basica,-108024.0,-117634.0,12636.0,3356.0,74540.0,74210.0,120660.0,120990.0,76,76,10,10,6318,1678
7,242526,2552,Aleatorio,true,true,true,true,94,true,true,Avanzada,-95168.0,-109876.0,12636.0,5952.0,74540.0,97860.0,120660.0,121340.0,76,100,10,10,6318,2976
7,242526,2533,Aleatorio,true,true,true,true,78,true,true,Basica,-108024.0,-117634.0,12636.0,3356.0,74540.0,74210.0,120660.0,120990.0,76,76,10,10,6318,1678
8,669610,1920,Aleatorio,true,false,false,false,77,true,true,Avanzada,-99562.0,-110292.0,12532.0,3508.0,73290.0,72940.0,126950.0,127300.0,75,75,10,10,6266,1754
8,669610,1813,Aleatorio,true,false,false,false,68,true,true,Basica,-114418.0,-124306.0,12532.0,3024.0,73290.0,72910.0,126950.0,127330.0,75,75,10,10,6266,1512
8,669610,2152,Aleatorio,true,false,false,false,77,true,true,Avanzada,-99562.0,-110292.0,12532.0,3508.0,73290.0,72940.0,126950.0,127300.0,75,75,10,10,6266,1754
8,669610,1662,Aleatorio,true,false,false,false,68,true,true,Basica,-114418.0,-124306.0,12532.0,3024.0,73290.0,72910.0,126950.0,127330.0,75,75,10,10,6266,1512
8,669610,1826,Aleatorio,true,false,false,false,77,true,true,Avanzada,-99562.0,-110292.0,12532.0,3508.0,73290.0,72940.0,126950.0,127300.0,75,75,10,10,6266,1754
8,669610,1498,Aleatorio,true,false,false,false,68,true,true,Basica,-114418.0,-124306.0,12532.0,3024.0,73290.0,72910.0,126950.0,127330.0,75,75,10,10,6266,1512
8,669610,1809,Aleatorio,true,false,false,false,77,true,true,Avanzada,-99562.0,-110292.0,12532.0,3508.0,73290.0,72940.0,126950.0,127300.0,75,75,10,10,6266,1754
8,669610,1538,Aleatorio,true,false,false,false,68,true,true,Basica,-114418.0,-124306.0,12532.0,3024.0,73290.0,72910.0,126950.0,127330.0,75,75,10,10,6266,1512
8,669610,1817,Aleatorio,true,false,false,false,77,true,true,Avanzada,-99562.0,-110292.0,12532.0,3508.0,73290.0,72940.0,126950.0,127300.0,75,75,10,10,6266,1754
8,669610,1534,Aleatorio,true,false,false,false,68,true,true,Basica,-114418.0,-124306.0,12532.0,3024.0,73290.0,72910.0,126950.0,127330.0,75,75,10,10,6266,1512
8,669610,16,Aleatorio,false,true,false,false,4,true,true,Avanzada,-99562.0,-100338.0,12532.0,12560.0,73290.0,76230.0,126950.0,127010.0,75,78,10,10,6266,6280
8,669610,12,Aleatorio,false,true,false,false,3,true,true,Basica,-114418.0,-114468.0,12532.0,12532.0,73290.0,75240.0,126950.0,127000.0,75,77,10,10,6266,6266
8,669610,16,Aleatorio,false,true,false,false,4,true,true,Avanzada,-99562.0,-100338.0,12532.0,12560.0,73290.0,76230.0,126950.0,127010.0,75,78,10,10,6266,6280
8,669610,11,Aleatorio,false,true,false,false,3,true,true,Basica,-114418.0,-114468.0,12532.0,12532.0,73290.0,75240.0,126950.0,127000.0,75,77,10,10,6266,6266
8,669610,15,Aleatorio,false,true,false,false,4,true,true,Avanzada,-99562.0,-100338.0,12532.0,12560.0,73290.0,76230.0,126950.0,127010.0,75,78,10,10,6266,6280
8,669610,12,Aleatorio,false,true,false,false,3,true,true,Basica,-114418.0,-114468.0,12532.0,12532.0,73290.0,75240.0,126950.0,127000.0,75,77,10,10,6266,6266
8,669610,15,Aleatorio,false,true,false,false,4,true,true,Avanzada,-99562.0,-100338.0,12532.0,12560.0,73290.0,76230.0,126950.0,127010.0,75,78,10,10,6266,6280
8,669610,12,Aleatorio,false,true,false,false,3,true,true,Basica,-114418.0,-114468.0,12532.0,12532.0,73290.0,75240.0,126950.0,127000.0,75,77,10,10,6266,6266
8,669610,15,Aleatorio,false,true,false,false,4,true,true,Avanzada,-99562.0,-100338.0,12532.0,12560.0,73290.0,76230.0,126950.0,127010.0,75,78,10,10,6266,6280
8,669610,12,Aleatorio,false,true,false,false,3,true,true,Basica,-114418.0,-114468.0,12532.0,12532.0,73290.0,75240.0,126950.0,127000.0,75,77,10,10,6266,6266
8,669610,54,Aleatorio,false,false,true,false,25,true,true,Avanzada,-99562.0,-102110.0,12532.0,9984.0,73290.0,73290.0,126950.0,126950.0,75,75,10,10,6266,4992
8,669610,57,Aleatorio,false,false,true,false,25,true,true,Basica,-114418.0,-116966.0,12532.0,9984.0,73290.0,73290.0,126950.0,126950.0,75,75,10,10,6266,4992
8,669610,62,Aleatorio,false,false,true,false,25,true,true,Avanzada,-99562.0,-102110.0,12532.0,9984.0,73290.0,73290.0,126950.0,126950.0,75,75,10,10,6266,4992
8,669610,54,Aleatorio,false,false,true,false,25,true,true,Basica,-114418.0,-116966.0,12532.0,9984.0,73290.0,73290.0,126950.0,126950.0,75,75,10,10,6266,4992
8,669610,55,Aleatorio,false,false,true,false,25,true,true,Avanzada,-99562.0,-102110.0,12532.0,9984.0,73290.0,73290.0,126950.0,126950.0,75,75,10,10,6266,4992
8,669610,55,Aleatorio,false,false,true,false,25,true,true,Basica,-114418.0,-116966.0,12532.0,9984.0,73290.0,73290.0,126950.0,126950.0,75,75,10,10,6266,4992
8,669610,58,Aleatorio,false,false,true,false,25,true,true,Avanzada,-99562.0,-102110.0,12532.0,9984.0,73290.0,73290.0,126950.0,126950.0,75,75,10,10,6266,4992
8,669610,52,Aleatorio,false,false,true,false,25,true,true,Basica,-114418.0,-116966.0,12532.0,9984.0,73290.0,73290.0,126950.0,126950.0,75,75,10,10,6266,4992
8,669610,55,Aleatorio,false,false,true,false,25,true,true,Avanzada,-99562.0,-102110.0,12532.0,9984.0,73290.0,73290.0,126950.0,126950.0,75,75,10,10,6266,4992
8,669610,53,Aleatorio,false,false,true,false,25,true,true,Basica,-114418.0,-116966.0,12532.0,9984.0,73290.0,73290.0,126950.0,126950.0,75,75,10,10,6266,4992
8,669610,2198,Aleatorio,true,false,true,true,78,true,true,Avanzada,-99562.0,-110852.0,12532.0,3004.0,73290.0,72880.0,126950.0,127360.0,75,75,10,10,6266,1502
8,669610,2041,Aleatorio,true,false,true,true,71,true,true,Basica,-114418.0,-124566.0,12532.0,2744.0,73290.0,72930.0,126950.0,127310.0,75,75,10,10,6266,1372
8,669610,2174,Aleatorio,true,false,true,true,78,true,true,Avanzada,-99562.0,-110852.0,12532.0,3004.0,73290.0,72880.0,126950.0,127360.0,75,75,10,10,6266,1502
8,669610,1893,Aleatorio,true,false,true,true,71,true,true,Basica,-114418.0,-124566.0,12532.0,2744.0,73290.0,72930.0,126950.0,127310.0,75,75,10,10,6266,1372
8,669610,2183,Aleatorio,true,false,true,true,78,true,true,Avanzada,-99562.0,-110852.0,12532.0,3004.0,73290.0,72880.0,126950.0,127360.0,75,75,10,10,6266,1502
8,669610,1895,Aleatorio,true,false,true,true,71,true,true,Basica,-114418.0,-124566.0,12532.0,2744.0,73290.0,72930.0,126950.0,127310.0,75,75,10,10,6266,1372
8,669610,2205,Aleatorio,true,false,true,true,78,true,true,Avanzada,-99562.0,-110852.0,12532.0,3004.0,73290.0,72880.0,126950.0,127360.0,75,75,10,10,6266,1502
8,669610,1881,Aleatorio,true,false,true,true,71,true,true,Basica,-114418.0,-124566.0,12532.0,2744.0,73290.0,72930.0,126950.0,127310.0,75,75,10,10,6266,1372
8,669610,2181,Aleatorio,true,false,true,true,78,true,true,Avanzada,-99562.0,-110852.0,12532.0,3004.0,73290.0,72880.0,126950.0,127360.0,75,75,10,10,6266,1502
8,669610,2176,Aleatorio,true,false,true,true,71,true,true,Basica,-114418.0,-124566.0,12532.0,2744.0,73290.0,72930.0,126950.0,127310.0,75,75,10,10,6266,1372
8,669610,174,Aleatorio,false,true,true,true,43,true,true,Avanzada,-99562.0,-107396.0,12532.0,11204.0,73290.0,94760.0,126950.0,127480.0,75,97,10,10,6266,5602
8,669610,224,Aleatorio,false,true,true,true,28,true,true,Basica,-114418.0,-117048.0,12532.0,10032.0,73290.0,76160.0,126950.0,127080.0,75,78,10,10,6266,5016
8,669610,175,Aleatorio,false,true,true,true,43,true,true,Avanzada,-99562.0,-107396.0,12532.0,11204.0,73290.0,94760.0,126950.0,127480.0,75,97,10,10,6266,5602
8,669610,230,Aleatorio,false,true,true,true,28,true,true,Basica,-114418.0,-117048.0,12532.0,10032.0,73290.0,76160.0,126950.0,127080.0,75,78,10,10,6266,5016
8,669610,180,Aleatorio,false,true,true,true,43,true,true,Avanzada,-99562.0,-107396.0,12532.0,11204.0,73290.0,94760.0,126950.0,127480.0,75,97,10,10,6266,5602
8,669610,231,Aleatorio,false,true,true,true,28,true,true,Basica,-114418.0,-117048.0,12532.0,10032.0,73290.0,76160.0,126950.0,127080.0,75,78,10,10,6266,5016
8,669610,180,Aleatorio,false,true,true,true,43,true,true,Avanzada,-99562.0,-107396.0,12532.0,11204.0,73290.0,94760.0,126950.0,127480.0,75,97,10,10,6266,5602
8,669610,231,Aleatorio,false,true,true,true,28,true,true,Basica,-114418.0,-117048.0,12532.0,10032.0,73290.0,76160.0,126950.0,127080.0,75,78,10,10,6266,5016
8,669610,179,Aleatorio,false,true,true,true,43,true,true,Avanzada,-99562.0,-107396.0,12532.0,11204.0,73290.0,94760.0,126950.0,127480.0,75,97,10,10,6266,5602
8,669610,226,Aleatorio,false,true,true,true,28,true,true,Basica,-114418.0,-117048.0,12532.0,10032.0,73290.0,76160.0,126950.0,127080.0,75,78,10,10,6266,5016
8,669610,2632,Aleatorio,true,true,false,false,96,true,true,Avanzada,-99562.0,-115512.0,12532.0,5036.0,73290.0,97520.0,126950.0,127720.0,75,100,10,10,6266,2518
8,669610,2405,Aleatorio,true,true,false,false,68,true,true,Basica,-114418.0,-124306.0,12532.0,3024.0,73290.0,72910.0,126950.0,127330.0,75,75,10,10,6266,1512
8,669610,3103,Aleatorio,true,true,false,false,96,true,true,Avanzada,-99562.0,-115512.0,12532.0,5036.0,73290.0,97520.0,126950.0,127720.0,75,100,10,10,6266,2518
8,669610,2635,Aleatorio,true,true,false,false,68,true,true,Basica,-114418.0,-124306.0,12532.0,3024.0,73290.0,72910.0,126950.0,127330.0,75,75,10,10,6266,1512
8,669610,2692,Aleatorio,true,true,false,false,96,true,true,Avanzada,-99562.0,-115512.0,12532.0,5036.0,73290.0,97520.0,126950.0,127720.0,75,100,10,10,6266,2518
8,669610,2277,Aleatorio,true,true,false,false,68,true,true,Basica,-114418.0,-124306.0,12532.0,3024.0,73290.0,72910.0,126950.0,127330.0,75,75,10,10,6266,1512
8,669610,2589,Aleatorio,true,true,false,false,96,true,true,Avanzada,-99562.0,-115512.0,12532.0,5036.0,73290.0,97520.0,126950.0,127720.0,75,100,10,10,6266,2518
8,669610,2182,Aleatorio,true,true,false,false,68,true,true,Basica,-114418.0,-124306.0,12532.0,3024.0,73290.0,72910.0,126950.0,127330.0,75,75,10,10,6266,1512
8,669610,2579,Aleatorio,true,true,false,false,96,true,true,Avanzada,-99562.0,-115512.0,12532.0,5036.0,73290.0,97520.0,126950.0,127720.0,75,100,10,10,6266,2518
8,669610,2200,Aleatorio,true,true,false,false,68,true,true,Basica,-114418.0,-124306.0,12532.0,3024.0,73290.0,72910.0,126950.0,127330.0,75,75,10,10,6266,1512
8,669610,2866,Aleatorio,true,true,true,true,92,true,true,Avanzada,-99562.0,-115804.0,12532.0,4512.0,73290.0,97540.0,126950.0,127700.0,75,100,10,10,6266,2256
8,669610,2760,Aleatorio,true,true,true,true,71,true,true,Basica,-114418.0,-124566.0,12532.0,2744.0,73290.0,72930.0,126950.0,127310.0,75,75,10,10,6266,1372
8,669610,2895,Aleatorio,true,true,true,true,92,true,true,Avanzada,-99562.0,-115804.0,12532.0,4512.0,73290.0,97540.0,126950.0,127700.0,75,100,10,10,6266,2256
8,669610,2679,Aleatorio,true,true,true,true,71,true,true,Basica,-114418.0,-124566.0,12532.0,2744.0,73290.0,72930.0,126950.0,127310.0,75,75,10,10,6266,1372
8,669610,2848,Aleatorio,true,true,true,true,92,true,true,Avanzada,-99562.0,-115804.0,12532.0,4512.0,73290.0,97540.0,126950.0,127700.0,75,100,10,10,6266,2256
8,669610,2555,Aleatorio,true,true,true,true,71,true,true,Basica,-114418.0,-124566.0,12532.0,2744.0,73290.0,72930.0,126950.0,127310.0,75,75,10,10,6266,1372
8,669610,3159,Aleatorio,true,true,true,true,92,true,true,Avanzada,-99562.0,-115804.0,12532.0,4512.0,73290.0,97540.0,126950.0,127700.0,75,100,10,10,6266,2256
8,669610,2569,Aleatorio,true,true,true,true,71,true,true,Basica,-114418.0,-124566.0,12532.0,2744.0,73290.0,72930.0,126950.0,127310.0,75,75,10,10,6266,1372
8,669610,2881,Aleatorio,true,true,true,true,92,true,true,Avanzada,-99562.0,-115804.0,12532.0,4512.0,73290.0,97540.0,126950.0,127700.0,75,100,10,10,6266,2256
8,669610,2581,Aleatorio,true,true,true,true,71,true,true,Basica,-114418.0,-124566.0,12532.0,2744.0,73290.0,72930.0,126950.0,127310.0,75,75,10,10,6266,1372
9,303132,1450,Aleatorio,true,false,false,false,66,true,true,Avanzada,-99128.0,-107792.0,12584.0,6052.0,80280.0,80000.0,122460.0,122740.0,82,82,10,10,6292,3026
9,303132,1605,Aleatorio,true,false,false,false,77,true,true,Basica,-109876.0,-118716.0,12584.0,3944.0,80280.0,80080.0,122460.0,122660.0,82,82,10,10,6292,1972
9,303132,1477,Aleatorio,true,false,false,false,66,true,true,Avanzada,-99128.0,-107792.0,12584.0,6052.0,80280.0,80000.0,122460.0,122740.0,82,82,10,10,6292,3026
9,303132,1637,Aleatorio,true,false,false,false,77,true,true,Basica,-109876.0,-118716.0,12584.0,3944.0,80280.0,80080.0,122460.0,122660.0,82,82,10,10,6292,1972
9,303132,1683,Aleatorio,true,false,false,false,66,true,true,Avanzada,-99128.0,-107792.0,12584.0,6052.0,80280.0,80000.0,122460.0,122740.0,82,82,10,10,6292,3026
9,303132,1606,Aleatorio,true,false,false,false,77,true,true,Basica,-109876.0,-118716.0,12584.0,3944.0,80280.0,80080.0,122460.0,122660.0,82,82,10,10,6292,1972
9,303132,1458,Aleatorio,true,false,false,false,66,true,true,Avanzada,-99128.0,-107792.0,12584.0,6052.0,80280.0,80000.0,122460.0,122740.0,82,82,10,10,6292,3026
9,303132,1795,Aleatorio,true,false,false,false,77,true,true,Basica,-109876.0,-118716.0,12584.0,3944.0,80280.0,80080.0,122460.0,122660.0,82,82,10,10,6292,1972
9,303132,1609,Aleatorio,true,false,false,false,66,true,true,Avanzada,-99128.0,-107792.0,12584.0,6052.0,80280.0,80000.0,122460.0,122740.0,82,82,10,10,6292,3026
9,303132,1631,Aleatorio,true,false,false,false,77,true,true,Basica,-109876.0,-118716.0,12584.0,3944.0,80280.0,80080.0,122460.0,122660.0,82,82,10,10,6292,1972
9,303132,7,Aleatorio,false,true,false,false,3,true,true,Avanzada,-99128.0,-99646.0,12584.0,12604.0,80280.0,82230.0,122460.0,122510.0,82,84,10,10,6292,6302
9,303132,8,Aleatorio,false,true,false,false,3,true,true,Basica,-109876.0,-109906.0,12584.0,12604.0,80280.0,82230.0,122460.0,122510.0,82,84,10,10,6292,6302
9,303132,8,Aleatorio,false,true,false,false,3,true,true,Avanzada,-99128.0,-99646.0,12584.0,12604.0,80280.0,82230.0,122460.0,122510.0,82,84,10,10,6292,6302
9,303132,8,Aleatorio,false,true,false,false,3,true,true,Basica,-109876.0,-109906.0,12584.0,12604.0,80280.0,82230.0,122460.0,122510.0,82,84,10,10,6292,6302
9,303132,8,Aleatorio,false,true,false,false,3,true,true,Avanzada,-99128.0,-99646.0,12584.0,12604.0,80280.0,82230.0,122460.0,122510.0,82,84,10,10,6292,6302
9,303132,8,Aleatorio,false,true,false,false,3,true,true,Basica,-109876.0,-109906.0,12584.0,12604.0,80280.0,82230.0,122460.0,122510.0,82,84,10,10,6292,6302
9,303132,8,Aleatorio,false,true,false,false,3,true,true,Avanzada,-99128.0,-99646.0,12584.0,12604.0,80280.0,82230.0,122460.0,122510.0,82,84,10,10,6292,6302
9,303132,8,Aleatorio,false,true,false,false,3,true,true,Basica,-109876.0,-109906.0,12584.0,12604.0,80280.0,82230.0,122460.0,122510.0,82,84,10,10,6292,6302
9,303132,8,Aleatorio,false,true,false,false,3,true,true,Avanzada,-99128.0,-99646.0,12584.0,12604.0,80280.0,82230.0,122460.0,122510.0,82,84,10,10,6292,6302
9,303132,8,Aleatorio,false,true,false,false,3,true,true,Basica,-109876.0,-109906.0,12584.0,12604.0,80280.0,82230.0,122460.0,122510.0,82,84,10,10,6292,6302
9,303132,52,Aleatorio,false,false,true,false,22,true,true,Avanzada,-99128.0,-101804.0,12584.0,9908.0,80280.0,80280.0,122460.0,122460.0,82,82,10,10,6292,4954
9,303132,48,Aleatorio,false,false,true,false,22,true,true,Basica,-109876.0,-112552.0,12584.0,9908.0,80280.0,80280.0,122460.0,122460.0,82,82,10,10,6292,4954
9,303132,52,Aleatorio,false,false,true,false,22,true,true,Avanzada,-99128.0,-101804.0,12584.0,9908.0,80280.0,80280.0,122460.0,122460.0,82,82,10,10,6292,4954
9,303132,52,Aleatorio,false,false,true,false,22,true,true,Basica,-109876.0,-112552.0,12584.0,9908.0,80280.0,80280.0,122460.0,122460.0,82,82,10,10,6292,4954
9,303132,51,Aleatorio,false,false,true,false,22,true,true,Avanzada,-99128.0,-101804.0,12584.0,9908.0,80280.0,80280.0,122460.0,122460.0,82,82,10,10,6292,4954
9,303132,49,Aleatorio,false,false,true,false,22,true,true,Basica,-109876.0,-112552.0,12584.0,9908.0,80280.0,80280.0,122460.0,122460.0,82,82,10,10,6292,4954
9,303132,49,Aleatorio,false,false,true,false,22,true,true,Avanzada,-99128.0,-101804.0,12584.0,9908.0,80280.0,80280.0,122460.0,122460.0,82,82,10,10,6292,4954
9,303132,49,Aleatorio,false,false,true,false,22,true,true,Basica,-109876.0,-112552.0,12584.0,9908.0,80280.0,80280.0,122460.0,122460.0,82,82,10,10,6292,4954
9,303132,49,Aleatorio,false,false,true,false,22,true,true,Avanzada,-99128.0,-101804.0,12584.0,9908.0,80280.0,80280.0,122460.0,122460.0,82,82,10,10,6292,4954
9,303132,47,Aleatorio,false,false,true,false,22,true,true,Basica,-109876.0,-112552.0,12584.0,9908.0,80280.0,80280.0,122460.0,122460.0,82,82,10,10,6292,4954
9,303132,2024,Aleatorio,true,false,true,true,77,true,true,Avanzada,-99128.0,-109082.0,12584.0,4916.0,80280.0,79990.0,122460.0,122750.0,82,82,10,10,6292,2458
9,303132,2064,Aleatorio,true,false,true,true,82,true,true,Basica,-109876.0,-119246.0,12584.0,3484.0,80280.0,80010.0,122460.0,122730.0,82,82,10,10,6292,1742
9,303132,2270,Aleatorio,true,false,true,true,77,true,true,Avanzada,-99128.0,-109082.0,12584.0,4916.0,80280.0,79990.0,122460.0,122750.0,82,82,10,10,6292,2458
9,303132,1996,Aleatorio,true,false,true,true,82,true,true,Basica,-109876.0,-119246.0,12584.0,3484.0,80280.0,80010.0,122460.0,122730.0,82,82,10,10,6292,1742
9,303132,1975,Aleatorio,true,false,true,true,77,true,true,Avanzada,-99128.0,-109082.0,12584.0,4916.0,80280.0,79990.0,122460.0,122750.0,82,82,10,10,6292,2458
9,303132,1990,Aleatorio,true,false,true,true,82,true,true,Basica,-109876.0,-119246.0,12584.0,3484.0,80280.0,80010.0,122460.0,122730.0,82,82,10,10,6292,1742
9,303132,1969,Aleatorio,true,false,true,true,77,true,true,Avanzada,-99128.0,-109082.0,12584.0,4916.0,80280.0,79990.0,122460.0,122750.0,82,82,10,10,6292,2458
9,303132,1998,Aleatorio,true,false,true,true,82,true,true,Basica,-109876.0,-119246.0,12584.0,3484.0,80280.0,80010.0,122460.0,122730.0,82,82,10,10,6292,1742
9,303132,1961,Aleatorio,true,false,true,true,77,true,true,Avanzada,-99128.0,-109082.0,12584.0,4916.0,80280.0,79990.0,122460.0,122750.0,82,82,10,10,6292,2458
9,303132,1998,Aleatorio,true,false,true,true,82,true,true,Basica,-109876.0,-119246.0,12584.0,3484.0,80280.0,80010.0,122460.0,122730.0,82,82,10,10,6292,1742
9,303132,123,Aleatorio,false,true,true,true,39,true,true,Avanzada,-99128.0,-105516.0,12584.0,11188.0,80280.0,97820.0,122460.0,122920.0,82,100,10,10,6292,5594
9,303132,162,Aleatorio,false,true,true,true,24,true,true,Basica,-109876.0,-112582.0,12584.0,9928.0,80280.0,82230.0,122460.0,122510.0,82,84,10,10,6292,4964
9,303132,126,Aleatorio,false,true,true,true,39,true,true,Avanzada,-99128.0,-105516.0,12584.0,11188.0,80280.0,97820.0,122460.0,122920.0,82,100,10,10,6292,5594
9,303132,162,Aleatorio,false,true,true,true,24,true,true,Basica,-109876.0,-112582.0,12584.0,9928.0,80280.0,82230.0,122460.0,122510.0,82,84,10,10,6292,4964
9,303132,127,Aleatorio,false,true,true,true,39,true,true,Avanzada,-99128.0,-105516.0,12584.0,11188.0,80280.0,97820.0,122460.0,122920.0,82,100,10,10,6292,5594
9,303132,159,Aleatorio,false,true,true,true,24,true,true,Basica,-109876.0,-112582.0,12584.0,9928.0,80280.0,82230.0,122460.0,122510.0,82,84,10,10,6292,4964
9,303132,127,Aleatorio,false,true,true,true,39,true,true,Avanzada,-99128.0,-105516.0,12584.0,11188.0,80280.0,97820.0,122460.0,122920.0,82,100,10,10,6292,5594
9,303132,163,Aleatorio,false,true,true,true,24,true,true,Basica,-109876.0,-112582.0,12584.0,9928.0,80280.0,82230.0,122460.0,122510.0,82,84,10,10,6292,4964
9,303132,125,Aleatorio,false,true,true,true,39,true,true,Avanzada,-99128.0,-105516.0,12584.0,11188.0,80280.0,97820.0,122460.0,122920.0,82,100,10,10,6292,5594
9,303132,162,Aleatorio,false,true,true,true,24,true,true,Basica,-109876.0,-112582.0,12584.0,9928.0,80280.0,82230.0,122460.0,122510.0,82,84,10,10,6292,4964
9,303132,2009,Aleatorio,true,true,false,false,89,true,true,Avanzada,-99128.0,-110998.0,12584.0,7292.0,80280.0,97750.0,122460.0,122990.0,82,100,10,10,6292,3646
9,303132,2023,Aleatorio,true,true,false,false,77,true,true,Basica,-109876.0,-118716.0,12584.0,3944.0,80280.0,80080.0,122460.0,122660.0,82,82,10,10,6292,1972
9,303132,1987,Aleatorio,true,true,false,false,89,true,true,Avanzada,-99128.0,-110998.0,12584.0,7292.0,80280.0,97750.0,122460.0,122990.0,82,100,10,10,6292,3646
9,303132,2027,Aleatorio,true,true,false,false,77,true,true,Basica,-109876.0,-118716.0,12584.0,3944.0,80280.0,80080.0,122460.0,122660.0,82,82,10,10,6292,1972
9,303132,1995,Aleatorio,true,true,false,false,89,true,true,Avanzada,-99128.0,-110998.0,12584.0,7292.0,80280.0,97750.0,122460.0,122990.0,82,100,10,10,6292,3646
9,303132,2032,Aleatorio,true,true,false,false,77,true,true,Basica,-109876.0,-118716.0,12584.0,3944.0,80280.0,80080.0,122460.0,122660.0,82,82,10,10,6292,1972
9,303132,1999,Aleatorio,true,true,false,false,89,true,true,Avanzada,-99128.0,-110998.0,12584.0,7292.0,80280.0,97750.0,122460.0,122990.0,82,100,10,10,6292,3646
9,303132,2023,Aleatorio,true,true,false,false,77,true,true,Basica,-109876.0,-118716.0,12584.0,3944.0,80280.0,80080.0,122460.0,122660.0,82,82,10,10,6292,1972
9,303132,1998,Aleatorio,true,true,false,false,89,true,true,Avanzada,-99128.0,-110998.0,12584.0,7292.0,80280.0,97750.0,122460.0,122990.0,82,100,10,10,6292,3646
9,303132,2022,Aleatorio,true,true,false,false,77,true,true,Basica,-109876.0,-118716.0,12584.0,3944.0,80280.0,80080.0,122460.0,122660.0,82,82,10,10,6292,1972
9,303132,2511,Aleatorio,true,true,true,true,92,true,true,Avanzada,-99128.0,-112356.0,12584.0,5900.0,80280.0,97680.0,122460.0,123060.0,82,100,10,10,6292,2950
9,303132,2567,Aleatorio,true,true,true,true,82,true,true,Basica,-109876.0,-119246.0,12584.0,3484.0,80280.0,80010.0,122460.0,122730.0,82,82,10,10,6292,1742
9,303132,2499,Aleatorio,true,true,true,true,92,true,true,Avanzada,-99128.0,-112356.0,12584.0,5900.0,80280.0,97680.0,122460.0,123060.0,82,100,10,10,6292,2950
9,303132,2572,Aleatorio,true,true,true,true,82,true,true,Basica,-109876.0,-119246.0,12584.0,3484.0,80280.0,80010.0,122460.0,122730.0,82,82,10,10,6292,1742
9,303132,2531,Aleatorio,true,true,true,true,92,true,true,Avanzada,-99128.0,-112356.0,12584.0,5900.0,80280.0,97680.0,122460.0,123060.0,82,100,10,10,6292,2950
9,303132,2576,Aleatorio,true,true,true,true,82,true,true,Basica,-109876.0,-119246.0,12584.0,3484.0,80280.0,80010.0,122460.0,122730.0,82,82,10,10,6292,1742
9,303132,2529,Aleatorio,true,true,true,true,92,true,true,Avanzada,-99128.0,-112356.0,12584.0,5900.0,80280.0,97680.0,122460.0,123060.0,82,100,10,10,6292,2950
9,303132,2585,Aleatorio,true,true,true,true,82,true,true,Basica,-109876.0,-119246.0,12584.0,3484.0,80280.0,80010.0,122460.0,122730.0,82,82,10,10,6292,1742
9,303132,2513,Aleatorio,true,true,true,true,92,true,true,Avanzada,-99128.0,-112356.0,12584.0,5900.0,80280.0,97680.0,122460.0,123060.0,82,100,10,10,6292,2950
9,303132,2592,Aleatorio,true,true,true,true,82,true,true,Basica,-109876.0,-119246.0,12584.0,3484.0,80280.0,80010.0,122460.0,122730.0,82,82,10,10,6292,1742
