iteration,seed,time_ms,algorithmEI,algorithmSearch,op1,op2,op3,op4,nodesExpanded,validInicial,validFinal,heurFunction,heurIni,heurFi,costIni,costFi,profitIni,profitFi,AssignedPetitionsIni,AssignedPetitionsFi,trucksUsedIni,trucksUsedFi,totalKmIni,totalKmFi
0,1234,2664,Aleatorio,HilllClimbing,true,false,false,false,67,true,true,Avanzada,-59488.0,-68380.0,12692.0,3800.0,73400.0,73510.0,75,75,10,10,6346,1900
0,1234,1405,Aleatorio,HilllClimbing,true,false,false,false,72,true,true,Basica,-60708.0,-69980.0,12692.0,3860.0,73400.0,73840.0,75,75,10,10,6346,1930
0,1234,1756,Aleatorio,HilllClimbing,true,false,false,false,67,true,true,Avanzada,-59488.0,-68380.0,12692.0,3800.0,73400.0,73510.0,75,75,10,10,6346,1900
0,1234,1365,Aleatorio,HilllClimbing,true,false,false,false,72,true,true,Basica,-60708.0,-69980.0,12692.0,3860.0,73400.0,73840.0,75,75,10,10,6346,1930
0,1234,1742,Aleatorio,HilllClimbing,true,false,false,false,67,true,true,Avanzada,-59488.0,-68380.0,12692.0,3800.0,73400.0,73510.0,75,75,10,10,6346,1900
0,1234,1406,Aleatorio,HilllClimbing,true,false,false,false,72,true,true,Basica,-60708.0,-69980.0,12692.0,3860.0,73400.0,73840.0,75,75,10,10,6346,1930
0,1234,1808,Aleatorio,HilllClimbing,true,false,false,false,67,true,true,Avanzada,-59488.0,-68380.0,12692.0,3800.0,73400.0,73510.0,75,75,10,10,6346,1900
0,1234,1339,Aleatorio,HilllClimbing,true,false,false,false,72,true,true,Basica,-60708.0,-69980.0,12692.0,3860.0,73400.0,73840.0,75,75,10,10,6346,1930
0,1234,1685,Aleatorio,HilllClimbing,true,false,false,false,67,true,true,Avanzada,-59488.0,-68380.0,12692.0,3800.0,73400.0,73510.0,75,75,10,10,6346,1900
0,1234,1417,Aleatorio,HilllClimbing,true,false,false,false,72,true,true,Basica,-60708.0,-69980.0,12692.0,3860.0,73400.0,73840.0,75,75,10,10,6346,1930
0,1234,8,Aleatorio,HilllClimbing,false,true,false,false,1,true,true,Avanzada,-59488.0,-59488.0,12692.0,12692.0,73400.0,73400.0,75,75,10,10,6346,6346
0,1234,4,Aleatorio,HilllClimbing,false,true,false,false,1,true,true,Basica,-60708.0,-60708.0,12692.0,12692.0,73400.0,73400.0,75,75,10,10,6346,6346
0,1234,5,Aleatorio,HilllClimbing,false,true,false,false,1,true,true,Avanzada,-59488.0,-59488.0,12692.0,12692.0,73400.0,73400.0,75,75,10,10,6346,6346
0,1234,6,Aleatorio,HilllClimbing,false,true,false,false,1,true,true,Basica,-60708.0,-60708.0,12692.0,12692.0,73400.0,73400.0,75,75,10,10,6346,6346
0,1234,7,Aleatorio,HilllClimbing,false,true,false,false,1,true,true,Avanzada,-59488.0,-59488.0,12692.0,12692.0,73400.0,73400.0,75,75,10,10,6346,6346
0,1234,5,Aleatorio,HilllClimbing,false,true,false,false,1,true,true,Basica,-60708.0,-60708.0,12692.0,12692.0,73400.0,73400.0,75,75,10,10,6346,6346
0,1234,6,Aleatorio,HilllClimbing,false,true,false,false,1,true,true,Avanzada,-59488.0,-59488.0,12692.0,12692.0,73400.0,73400.0,75,75,10,10,6346,6346
0,1234,5,Aleatorio,HilllClimbing,false,true,false,false,1,true,true,Basica,-60708.0,-60708.0,12692.0,12692.0,73400.0,73400.0,75,75,10,10,6346,6346
0,1234,4,Aleatorio,HilllClimbing,false,true,false,false,1,true,true,Avanzada,-59488.0,-59488.0,12692.0,12692.0,73400.0,73400.0,75,75,10,10,6346,6346
0,1234,5,Aleatorio,HilllClimbing,false,true,false,false,1,true,true,Basica,-60708.0,-60708.0,12692.0,12692.0,73400.0,73400.0,75,75,10,10,6346,6346
0,1234,82,Aleatorio,HilllClimbing,false,false,true,false,25,true,true,Avanzada,-59488.0,-62776.0,12692.0,9404.0,73400.0,73400.0,75,75,10,10,6346,4702
0,1234,55,Aleatorio,HilllClimbing,false,false,true,false,25,true,true,Basica,-60708.0,-63996.0,12692.0,9404.0,73400.0,73400.0,75,75,10,10,6346,4702
0,1234,66,Aleatorio,HilllClimbing,false,false,true,false,25,true,true,Avanzada,-59488.0,-62776.0,12692.0,9404.0,73400.0,73400.0,75,75,10,10,6346,4702
0,1234,54,Aleatorio,HilllClimbing,false,false,true,false,25,true,true,Basica,-60708.0,-63996.0,12692.0,9404.0,73400.0,73400.0,75,75,10,10,6346,4702
0,1234,62,Aleatorio,HilllClimbing,false,false,true,false,25,true,true,Avanzada,-59488.0,-62776.0,12692.0,9404.0,73400.0,73400.0,75,75,10,10,6346,4702
0,1234,51,Aleatorio,HilllClimbing,false,false,true,false,25,true,true,Basica,-60708.0,-63996.0,12692.0,9404.0,73400.0,73400.0,75,75,10,10,6346,4702
0,1234,61,Aleatorio,HilllClimbing,false,false,true,false,25,true,true,Avanzada,-59488.0,-62776.0,12692.0,9404.0,73400.0,73400.0,75,75,10,10,6346,4702
0,1234,48,Aleatorio,HilllClimbing,false,false,true,false,25,true,true,Basica,-60708.0,-63996.0,12692.0,9404.0,73400.0,73400.0,75,75,10,10,6346,4702
0,1234,60,Aleatorio,HilllClimbing,false,false,true,false,25,true,true,Avanzada,-59488.0,-62776.0,12692.0,9404.0,73400.0,73400.0,75,75,10,10,6346,4702
0,1234,47,Aleatorio,HilllClimbing,false,false,true,false,25,true,true,Basica,-60708.0,-63996.0,12692.0,9404.0,73400.0,73400.0,75,75,10,10,6346,4702
0,1234,1872,Aleatorio,HilllClimbing,true,false,true,true,69,true,true,Avanzada,-59488.0,-68868.0,12692.0,3312.0,73400.0,73440.0,75,75,10,10,6346,1656
0,1234,1580,Aleatorio,HilllClimbing,true,false,true,true,71,true,true,Basica,-60708.0,-70456.0,12692.0,3284.0,73400.0,73740.0,75,75,10,10,6346,1642
0,1234,2199,Aleatorio,HilllClimbing,true,false,true,true,69,true,true,Avanzada,-59488.0,-68868.0,12692.0,3312.0,73400.0,73440.0,75,75,10,10,6346,1656
0,1234,1408,Aleatorio,HilllClimbing,true,false,true,true,71,true,true,Basica,-60708.0,-70456.0,12692.0,3284.0,73400.0,73740.0,75,75,10,10,6346,1642
0,1234,2147,Aleatorio,HilllClimbing,true,false,true,true,69,true,true,Avanzada,-59488.0,-68868.0,12692.0,3312.0,73400.0,73440.0,75,75,10,10,6346,1656
0,1234,1639,Aleatorio,HilllClimbing,true,false,true,true,71,true,true,Basica,-60708.0,-70456.0,12692.0,3284.0,73400.0,73740.0,75,75,10,10,6346,1642
0,1234,1942,Aleatorio,HilllClimbing,true,false,true,true,69,true,true,Avanzada,-59488.0,-68868.0,12692.0,3312.0,73400.0,73440.0,75,75,10,10,6346,1656
0,1234,1583,Aleatorio,HilllClimbing,true,false,true,true,71,true,true,Basica,-60708.0,-70456.0,12692.0,3284.0,73400.0,73740.0,75,75,10,10,6346,1642
0,1234,2090,Aleatorio,HilllClimbing,true,false,true,true,69,true,true,Avanzada,-59488.0,-68868.0,12692.0,3312.0,73400.0,73440.0,75,75,10,10,6346,1656
0,1234,1449,Aleatorio,HilllClimbing,true,false,true,true,71,true,true,Basica,-60708.0,-70456.0,12692.0,3284.0,73400.0,73740.0,75,75,10,10,6346,1642
0,1234,210,Aleatorio,HilllClimbing,false,true,true,true,44,true,true,Avanzada,-59488.0,-84472.0,12692.0,10708.0,73400.0,95950.0,75,98,10,10,6346,5354
0,1234,189,Aleatorio,HilllClimbing,false,true,true,true,44,true,true,Basica,-60708.0,-85220.0,12692.0,10880.0,73400.0,96100.0,75,98,10,10,6346,5440
0,1234,199,Aleatorio,HilllClimbing,false,true,true,true,44,true,true,Avanzada,-59488.0,-84472.0,12692.0,10708.0,73400.0,95950.0,75,98,10,10,6346,5354
0,1234,177,Aleatorio,HilllClimbing,false,true,true,true,44,true,true,Basica,-60708.0,-85220.0,12692.0,10880.0,73400.0,96100.0,75,98,10,10,6346,5440
0,1234,176,Aleatorio,HilllClimbing,false,true,true,true,44,true,true,Avanzada,-59488.0,-84472.0,12692.0,10708.0,73400.0,95950.0,75,98,10,10,6346,5354
0,1234,169,Aleatorio,HilllClimbing,false,true,true,true,44,true,true,Basica,-60708.0,-85220.0,12692.0,10880.0,73400.0,96100.0,75,98,10,10,6346,5440
0,1234,180,Aleatorio,HilllClimbing,false,true,true,true,44,true,true,Avanzada,-59488.0,-84472.0,12692.0,10708.0,73400.0,95950.0,75,98,10,10,6346,5354
0,1234,160,Aleatorio,HilllClimbing,false,true,true,true,44,true,true,Basica,-60708.0,-85220.0,12692.0,10880.0,73400.0,96100.0,75,98,10,10,6346,5440
0,1234,172,Aleatorio,HilllClimbing,false,true,true,true,44,true,true,Avanzada,-59488.0,-84472.0,12692.0,10708.0,73400.0,95950.0,75,98,10,10,6346,5354
0,1234,157,Aleatorio,HilllClimbing,false,true,true,true,44,true,true,Basica,-60708.0,-85220.0,12692.0,10880.0,73400.0,96100.0,75,98,10,10,6346,5440
0,1234,2318,Aleatorio,HilllClimbing,true,true,false,false,100,true,true,Avanzada,-59488.0,-91860.0,12692.0,5320.0,73400.0,97900.0,75,100,10,10,6346,2660
0,1234,1843,Aleatorio,HilllClimbing,true,true,false,false,95,true,true,Basica,-60708.0,-92696.0,12692.0,5344.0,73400.0,98040.0,75,100,10,10,6346,2672
0,1234,2205,Aleatorio,HilllClimbing,true,true,false,false,100,true,true,Avanzada,-59488.0,-91860.0,12692.0,5320.0,73400.0,97900.0,75,100,10,10,6346,2660
0,1234,1717,Aleatorio,HilllClimbing,true,true,false,false,95,true,true,Basica,-60708.0,-92696.0,12692.0,5344.0,73400.0,98040.0,75,100,10,10,6346,2672
0,1234,2300,Aleatorio,HilllClimbing,true,true,false,false,100,true,true,Avanzada,-59488.0,-91860.0,12692.0,5320.0,73400.0,97900.0,75,100,10,10,6346,2660
0,1234,1912,Aleatorio,HilllClimbing,true,true,false,false,95,true,true,Basica,-60708.0,-92696.0,12692.0,5344.0,73400.0,98040.0,75,100,10,10,6346,2672
0,1234,2337,Aleatorio,HilllClimbing,true,true,false,false,100,true,true,Avanzada,-59488.0,-91860.0,12692.0,5320.0,73400.0,97900.0,75,100,10,10,6346,2660
0,1234,1903,Aleatorio,HilllClimbing,true,true,false,false,95,true,true,Basica,-60708.0,-92696.0,12692.0,5344.0,73400.0,98040.0,75,100,10,10,6346,2672
0,1234,2260,Aleatorio,HilllClimbing,true,true,false,false,100,true,true,Avanzada,-59488.0,-91860.0,12692.0,5320.0,73400.0,97900.0,75,100,10,10,6346,2660
0,1234,1721,Aleatorio,HilllClimbing,true,true,false,false,95,true,true,Basica,-60708.0,-92696.0,12692.0,5344.0,73400.0,98040.0,75,100,10,10,6346,2672
0,1234,2788,Aleatorio,HilllClimbing,true,true,true,true,95,true,true,Avanzada,-59488.0,-92212.0,12692.0,4968.0,73400.0,97860.0,75,100,10,10,6346,2484
0,1234,2276,Aleatorio,HilllClimbing,true,true,true,true,99,true,true,Basica,-60708.0,-93150.0,12692.0,5040.0,73400.0,98190.0,75,100,10,10,6346,2520
0,1234,2666,Aleatorio,HilllClimbing,true,true,true,true,95,true,true,Avanzada,-59488.0,-92212.0,12692.0,4968.0,73400.0,97860.0,75,100,10,10,6346,2484
0,1234,2278,Aleatorio,HilllClimbing,true,true,true,true,99,true,true,Basica,-60708.0,-93150.0,12692.0,5040.0,73400.0,98190.0,75,100,10,10,6346,2520
0,1234,2766,Aleatorio,HilllClimbing,true,true,true,true,95,true,true,Avanzada,-59488.0,-92212.0,12692.0,4968.0,73400.0,97860.0,75,100,10,10,6346,2484
0,1234,2249,Aleatorio,HilllClimbing,true,true,true,true,99,true,true,Basica,-60708.0,-93150.0,12692.0,5040.0,73400.0,98190.0,75,100,10,10,6346,2520
0,1234,2580,Aleatorio,HilllClimbing,true,true,true,true,95,true,true,Avanzada,-59488.0,-92212.0,12692.0,4968.0,73400.0,97860.0,75,100,10,10,6346,2484
0,1234,2346,Aleatorio,HilllClimbing,true,true,true,true,99,true,true,Basica,-60708.0,-93150.0,12692.0,5040.0,73400.0,98190.0,75,100,10,10,6346,2520
0,1234,2538,Aleatorio,HilllClimbing,true,true,true,true,95,true,true,Avanzada,-59488.0,-92212.0,12692.0,4968.0,73400.0,97860.0,75,100,10,10,6346,2484
0,1234,2442,Aleatorio,HilllClimbing,true,true,true,true,99,true,true,Basica,-60708.0,-93150.0,12692.0,5040.0,73400.0,98190.0,75,100,10,10,6346,2520
1,1,2008,Aleatorio,HilllClimbing,true,false,false,false,68,true,true,Avanzada,-56184.0,-65072.0,12476.0,3588.0,69630.0,69700.0,71,71,10,10,6238,1794
1,1,1621,Aleatorio,HilllClimbing,true,false,false,false,80,true,true,Basica,-57154.0,-66770.0,12476.0,3300.0,69630.0,70070.0,71,71,10,10,6238,1650
1,1,1954,Aleatorio,HilllClimbing,true,false,false,false,68,true,true,Avanzada,-56184.0,-65072.0,12476.0,3588.0,69630.0,69700.0,71,71,10,10,6238,1794
1,1,1726,Aleatorio,HilllClimbing,true,false,false,false,80,true,true,Basica,-57154.0,-66770.0,12476.0,3300.0,69630.0,70070.0,71,71,10,10,6238,1650
1,1,1911,Aleatorio,HilllClimbing,true,false,false,false,68,true,true,Avanzada,-56184.0,-65072.0,12476.0,3588.0,69630.0,69700.0,71,71,10,10,6238,1794
1,1,1521,Aleatorio,HilllClimbing,true,false,false,false,80,true,true,Basica,-57154.0,-66770.0,12476.0,3300.0,69630.0,70070.0,71,71,10,10,6238,1650
1,1,1951,Aleatorio,HilllClimbing,true,false,false,false,68,true,true,Avanzada,-56184.0,-65072.0,12476.0,3588.0,69630.0,69700.0,71,71,10,10,6238,1794
1,1,1476,Aleatorio,HilllClimbing,true,false,false,false,80,true,true,Basica,-57154.0,-66770.0,12476.0,3300.0,69630.0,70070.0,71,71,10,10,6238,1650
1,1,1749,Aleatorio,HilllClimbing,true,false,false,false,68,true,true,Avanzada,-56184.0,-65072.0,12476.0,3588.0,69630.0,69700.0,71,71,10,10,6238,1794
1,1,1567,Aleatorio,HilllClimbing,true,false,false,false,80,true,true,Basica,-57154.0,-66770.0,12476.0,3300.0,69630.0,70070.0,71,71,10,10,6238,1650
1,1,11,Aleatorio,HilllClimbing,false,true,false,false,2,true,true,Avanzada,-56184.0,-57160.0,12476.0,12500.0,69630.0,70620.0,71,72,10,10,6238,6250
1,1,9,Aleatorio,HilllClimbing,false,true,false,false,2,true,true,Basica,-57154.0,-58120.0,12476.0,12500.0,69630.0,70620.0,71,72,10,10,6238,6250
1,1,12,Aleatorio,HilllClimbing,false,true,false,false,2,true,true,Avanzada,-56184.0,-57160.0,12476.0,12500.0,69630.0,70620.0,71,72,10,10,6238,6250
1,1,11,Aleatorio,HilllClimbing,false,true,false,false,2,true,true,Basica,-57154.0,-58120.0,12476.0,12500.0,69630.0,70620.0,71,72,10,10,6238,6250
1,1,9,Aleatorio,HilllClimbing,false,true,false,false,2,true,true,Avanzada,-56184.0,-57160.0,12476.0,12500.0,69630.0,70620.0,71,72,10,10,6238,6250
1,1,10,Aleatorio,HilllClimbing,false,true,false,false,2,true,true,Basica,-57154.0,-58120.0,12476.0,12500.0,69630.0,70620.0,71,72,10,10,6238,6250
1,1,9,Aleatorio,HilllClimbing,false,true,false,false,2,true,true,Avanzada,-56184.0,-57160.0,12476.0,12500.0,69630.0,70620.0,71,72,10,10,6238,6250
1,1,10,Aleatorio,HilllClimbing,false,true,false,false,2,true,true,Basica,-57154.0,-58120.0,12476.0,12500.0,69630.0,70620.0,71,72,10,10,6238,6250
1,1,9,Aleatorio,HilllClimbing,false,true,false,false,2,true,true,Avanzada,-56184.0,-57160.0,12476.0,12500.0,69630.0,70620.0,71,72,10,10,6238,6250
1,1,12,Aleatorio,HilllClimbing,false,true,false,false,2,true,true,Basica,-57154.0,-58120.0,12476.0,12500.0,69630.0,70620.0,71,72,10,10,6238,6250
1,1,65,Aleatorio,HilllClimbing,false,false,true,false,24,true,true,Avanzada,-56184.0,-59476.0,12476.0,9184.0,69630.0,69630.0,71,71,10,10,6238,4592
1,1,55,Aleatorio,HilllClimbing,false,false,true,false,24,true,true,Basica,-57154.0,-60446.0,12476.0,9184.0,69630.0,69630.0,71,71,10,10,6238,4592
1,1,71,Aleatorio,HilllClimbing,false,false,true,false,24,true,true,Avanzada,-56184.0,-59476.0,12476.0,9184.0,69630.0,69630.0,71,71,10,10,6238,4592
1,1,62,Aleatorio,HilllClimbing,false,false,true,false,24,true,true,Basica,-57154.0,-60446.0,12476.0,9184.0,69630.0,69630.0,71,71,10,10,6238,4592
1,1,67,Aleatorio,HilllClimbing,false,false,true,false,24,true,true,Avanzada,-56184.0,-59476.0,12476.0,9184.0,69630.0,69630.0,71,71,10,10,6238,4592
1,1,51,Aleatorio,HilllClimbing,false,false,true,false,24,true,true,Basica,-57154.0,-60446.0,12476.0,9184.0,69630.0,69630.0,71,71,10,10,6238,4592
1,1,74,Aleatorio,HilllClimbing,false,false,true,false,24,true,true,Avanzada,-56184.0,-59476.0,12476.0,9184.0,69630.0,69630.0,71,71,10,10,6238,4592
1,1,56,Aleatorio,HilllClimbing,false,false,true,false,24,true,true,Basica,-57154.0,-60446.0,12476.0,9184.0,69630.0,69630.0,71,71,10,10,6238,4592
1,1,71,Aleatorio,HilllClimbing,false,false,true,false,24,true,true,Avanzada,-56184.0,-59476.0,12476.0,9184.0,69630.0,69630.0,71,71,10,10,6238,4592
1,1,50,Aleatorio,HilllClimbing,false,false,true,false,24,true,true,Basica,-57154.0,-60446.0,12476.0,9184.0,69630.0,69630.0,71,71,10,10,6238,4592
1,1,2387,Aleatorio,HilllClimbing,true,false,true,true,74,true,true,Avanzada,-56184.0,-66160.0,12476.0,2500.0,69630.0,69750.0,71,71,10,10,6238,1250
1,1,1824,Aleatorio,HilllClimbing,true,false,true,true,78,true,true,Basica,-57154.0,-67582.0,12476.0,2548.0,69630.0,70130.0,71,71,10,10,6238,1274
1,1,2493,Aleatorio,HilllClimbing,true,false,true,true,74,true,true,Avanzada,-56184.0,-66160.0,12476.0,2500.0,69630.0,69750.0,71,71,10,10,6238,1250
1,1,1659,Aleatorio,HilllClimbing,true,false,true,true,78,true,true,Basica,-57154.0,-67582.0,12476.0,2548.0,69630.0,70130.0,71,71,10,10,6238,1274
1,1,2463,Aleatorio,HilllClimbing,true,false,true,true,74,true,true,Avanzada,-56184.0,-66160.0,12476.0,2500.0,69630.0,69750.0,71,71,10,10,6238,1250
1,1,1677,Aleatorio,HilllClimbing,true,false,true,true,78,true,true,Basica,-57154.0,-67582.0,12476.0,2548.0,69630.0,70130.0,71,71,10,10,6238,1274
1,1,2449,Aleatorio,HilllClimbing,true,false,true,true,74,true,true,Avanzada,-56184.0,-66160.0,12476.0,2500.0,69630.0,69750.0,71,71,10,10,6238,1250
1,1,1740,Aleatorio,HilllClimbing,true,false,true,true,78,true,true,Basica,-57154.0,-67582.0,12476.0,2548.0,69630.0,70130.0,71,71,10,10,6238,1274
1,1,2508,Aleatorio,HilllClimbing,true,false,true,true,74,true,true,Avanzada,-56184.0,-66160.0,12476.0,2500.0,69630.0,69750.0,71,71,10,10,6238,1250
1,1,1778,Aleatorio,HilllClimbing,true,false,true,true,78,true,true,Basica,-57154.0,-67582.0,12476.0,2548.0,69630.0,70130.0,71,71,10,10,6238,1274
1,1,202,Aleatorio,HilllClimbing,false,true,true,true,51,true,true,Avanzada,-56184.0,-87032.0,12476.0,10628.0,69630.0,98150.0,71,100,10,10,6238,5314
1,1,176,Aleatorio,HilllClimbing,false,true,true,true,48,true,true,Basica,-57154.0,-86498.0,12476.0,10772.0,69630.0,97270.0,71,99,10,10,6238,5386
1,1,191,Aleatorio,HilllClimbing,false,true,true,true,51,true,true,Avanzada,-56184.0,-87032.0,12476.0,10628.0,69630.0,98150.0,71,100,10,10,6238,5314
1,1,169,Aleatorio,HilllClimbing,false,true,true,true,48,true,true,Basica,-57154.0,-86498.0,12476.0,10772.0,69630.0,97270.0,71,99,10,10,6238,5386
1,1,189,Aleatorio,HilllClimbing,false,true,true,true,51,true,true,Avanzada,-56184.0,-87032.0,12476.0,10628.0,69630.0,98150.0,71,100,10,10,6238,5314
1,1,189,Aleatorio,HilllClimbing,false,true,true,true,48,true,true,Basica,-57154.0,-86498.0,12476.0,10772.0,69630.0,97270.0,71,99,10,10,6238,5386
1,1,199,Aleatorio,HilllClimbing,false,true,true,true,51,true,true,Avanzada,-56184.0,-87032.0,12476.0,10628.0,69630.0,98150.0,71,100,10,10,6238,5314
1,1,182,Aleatorio,HilllClimbing,false,true,true,true,48,true,true,Basica,-57154.0,-86498.0,12476.0,10772.0,69630.0,97270.0,71,99,10,10,6238,5386
1,1,198,Aleatorio,HilllClimbing,false,true,true,true,51,true,true,Avanzada,-56184.0,-87032.0,12476.0,10628.0,69630.0,98150.0,71,100,10,10,6238,5314
1,1,175,Aleatorio,HilllClimbing,false,true,true,true,48,true,true,Basica,-57154.0,-86498.0,12476.0,10772.0,69630.0,97270.0,71,99,10,10,6238,5386
1,1,2802,Aleatorio,HilllClimbing,true,true,false,false,104,true,true,Avanzada,-56184.0,-92648.0,12476.0,5012.0,69630.0,98190.0,71,100,10,10,6238,2506
1,1,2120,Aleatorio,HilllClimbing,true,true,false,false,103,true,true,Basica,-57154.0,-93472.0,12476.0,5088.0,69630.0,98560.0,71,100,10,10,6238,2544
1,1,2865,Aleatorio,HilllClimbing,true,true,false,false,104,true,true,Avanzada,-56184.0,-92648.0,12476.0,5012.0,69630.0,98190.0,71,100,10,10,6238,2506
1,1,2158,Aleatorio,HilllClimbing,true,true,false,false,103,true,true,Basica,-57154.0,-93472.0,12476.0,5088.0,69630.0,98560.0,71,100,10,10,6238,2544
1,1,2684,Aleatorio,HilllClimbing,true,true,false,false,104,true,true,Avanzada,-56184.0,-92648.0,12476.0,5012.0,69630.0,98190.0,71,100,10,10,6238,2506
1,1,1989,Aleatorio,HilllClimbing,true,true,false,false,103,true,true,Basica,-57154.0,-93472.0,12476.0,5088.0,69630.0,98560.0,71,100,10,10,6238,2544
1,1,2599,Aleatorio,HilllClimbing,true,true,false,false,104,true,true,Avanzada,-56184.0,-92648.0,12476.0,5012.0,69630.0,98190.0,71,100,10,10,6238,2506
1,1,1979,Aleatorio,HilllClimbing,true,true,false,false,103,true,true,Basica,-57154.0,-93472.0,12476.0,5088.0,69630.0,98560.0,71,100,10,10,6238,2544
1,1,2482,Aleatorio,HilllClimbing,true,true,false,false,104,true,true,Avanzada,-56184.0,-92648.0,12476.0,5012.0,69630.0,98190.0,71,100,10,10,6238,2506
1,1,2075,Aleatorio,HilllClimbing,true,true,false,false,103,true,true,Basica,-57154.0,-93472.0,12476.0,5088.0,69630.0,98560.0,71,100,10,10,6238,2544
1,1,3094,Aleatorio,HilllClimbing,true,true,true,true,106,true,true,Avanzada,-56184.0,-93276.0,12476.0,4384.0,69630.0,98240.0,71,100,10,10,6238,2192
1,1,2814,Aleatorio,HilllClimbing,true,true,true,true,111,true,true,Basica,-57154.0,-94064.0,12476.0,4516.0,69630.0,98580.0,71,100,10,10,6238,2258
1,1,3051,Aleatorio,HilllClimbing,true,true,true,true,106,true,true,Avanzada,-56184.0,-93276.0,12476.0,4384.0,69630.0,98240.0,71,100,10,10,6238,2192
1,1,2626,Aleatorio,HilllClimbing,true,true,true,true,111,true,true,Basica,-57154.0,-94064.0,12476.0,4516.0,69630.0,98580.0,71,100,10,10,6238,2258
1,1,3070,Aleatorio,HilllClimbing,true,true,true,true,106,true,true,Avanzada,-56184.0,-93276.0,12476.0,4384.0,69630.0,98240.0,71,100,10,10,6238,2192
1,1,2619,Aleatorio,HilllClimbing,true,true,true,true,111,true,true,Basica,-57154.0,-94064.0,12476.0,4516.0,69630.0,98580.0,71,100,10,10,6238,2258
1,1,3125,Aleatorio,HilllClimbing,true,true,true,true,106,true,true,Avanzada,-56184.0,-93276.0,12476.0,4384.0,69630.0,98240.0,71,100,10,10,6238,2192
1,1,2623,Aleatorio,HilllClimbing,true,true,true,true,111,true,true,Basica,-57154.0,-94064.0,12476.0,4516.0,69630.0,98580.0,71,100,10,10,6238,2258
1,1,3094,Aleatorio,HilllClimbing,true,true,true,true,106,true,true,Avanzada,-56184.0,-93276.0,12476.0,4384.0,69630.0,98240.0,71,100,10,10,6238,2192
1,1,2717,Aleatorio,HilllClimbing,true,true,true,true,111,true,true,Basica,-57154.0,-94064.0,12476.0,4516.0,69630.0,98580.0,71,100,10,10,6238,2258
2,91011,1829,Aleatorio,HilllClimbing,true,false,false,false,67,true,true,Avanzada,-61874.0,-71030.0,12636.0,3480.0,75490.0,75500.0,77,77,10,10,6318,1740
2,91011,1422,Aleatorio,HilllClimbing,true,false,false,false,75,true,true,Basica,-62854.0,-72394.0,12636.0,3396.0,75490.0,75790.0,77,77,10,10,6318,1698
2,91011,2068,Aleatorio,HilllClimbing,true,false,false,false,67,true,true,Avanzada,-61874.0,-71030.0,12636.0,3480.0,75490.0,75500.0,77,77,10,10,6318,1740
2,91011,1478,Aleatorio,HilllClimbing,true,false,false,false,75,true,true,Basica,-62854.0,-72394.0,12636.0,3396.0,75490.0,75790.0,77,77,10,10,6318,1698
2,91011,1777,Aleatorio,HilllClimbing,true,false,false,false,67,true,true,Avanzada,-61874.0,-71030.0,12636.0,3480.0,75490.0,75500.0,77,77,10,10,6318,1740
2,91011,1586,Aleatorio,HilllClimbing,true,false,false,false,75,true,true,Basica,-62854.0,-72394.0,12636.0,3396.0,75490.0,75790.0,77,77,10,10,6318,1698
2,91011,1974,Aleatorio,HilllClimbing,true,false,false,false,67,true,true,Avanzada,-61874.0,-71030.0,12636.0,3480.0,75490.0,75500.0,77,77,10,10,6318,1740
2,91011,1435,Aleatorio,HilllClimbing,true,false,false,false,75,true,true,Basica,-62854.0,-72394.0,12636.0,3396.0,75490.0,75790.0,77,77,10,10,6318,1698
2,91011,2134,Aleatorio,HilllClimbing,true,false,false,false,67,true,true,Avanzada,-61874.0,-71030.0,12636.0,3480.0,75490.0,75500.0,77,77,10,10,6318,1740
2,91011,1543,Aleatorio,HilllClimbing,true,false,false,false,75,true,true,Basica,-62854.0,-72394.0,12636.0,3396.0,75490.0,75790.0,77,77,10,10,6318,1698
2,91011,18,Aleatorio,HilllClimbing,false,true,false,false,5,true,true,Avanzada,-61874.0,-65854.0,12636.0,12656.0,75490.0,79420.0,77,81,10,10,6318,6328
2,91011,18,Aleatorio,HilllClimbing,false,true,false,false,5,true,true,Basica,-62854.0,-66764.0,12636.0,12656.0,75490.0,79420.0,77,81,10,10,6318,6328
2,91011,17,Aleatorio,HilllClimbing,false,true,false,false,5,true,true,Avanzada,-61874.0,-65854.0,12636.0,12656.0,75490.0,79420.0,77,81,10,10,6318,6328
2,91011,19,Aleatorio,HilllClimbing,false,true,false,false,5,true,true,Basica,-62854.0,-66764.0,12636.0,12656.0,75490.0,79420.0,77,81,10,10,6318,6328
2,91011,17,Aleatorio,HilllClimbing,false,true,false,false,5,true,true,Avanzada,-61874.0,-65854.0,12636.0,12656.0,75490.0,79420.0,77,81,10,10,6318,6328
2,91011,18,Aleatorio,HilllClimbing,false,true,false,false,5,true,true,Basica,-62854.0,-66764.0,12636.0,12656.0,75490.0,79420.0,77,81,10,10,6318,6328
2,91011,17,Aleatorio,HilllClimbing,false,true,false,false,5,true,true,Avanzada,-61874.0,-65854.0,12636.0,12656.0,75490.0,79420.0,77,81,10,10,6318,6328
2,91011,19,Aleatorio,HilllClimbing,false,true,false,false,5,true,true,Basica,-62854.0,-66764.0,12636.0,12656.0,75490.0,79420.0,77,81,10,10,6318,6328
2,91011,21,Aleatorio,HilllClimbing,false,true,false,false,5,true,true,Avanzada,-61874.0,-65854.0,12636.0,12656.0,75490.0,79420.0,77,81,10,10,6318,6328
2,91011,17,Aleatorio,HilllClimbing,false,true,false,false,5,true,true,Basica,-62854.0,-66764.0,12636.0,12656.0,75490.0,79420.0,77,81,10,10,6318,6328
2,91011,47,Aleatorio,HilllClimbing,false,false,true,false,22,true,true,Avanzada,-61874.0,-64082.0,12636.0,10428.0,75490.0,75490.0,77,77,10,10,6318,5214
2,91011,39,Aleatorio,HilllClimbing,false,false,true,false,22,true,true,Basica,-62854.0,-65062.0,12636.0,10428.0,75490.0,75490.0,77,77,10,10,6318,5214
2,91011,46,Aleatorio,HilllClimbing,false,false,true,false,22,true,true,Avanzada,-61874.0,-64082.0,12636.0,10428.0,75490.0,75490.0,77,77,10,10,6318,5214
2,91011,40,Aleatorio,HilllClimbing,false,false,true,false,22,true,true,Basica,-62854.0,-65062.0,12636.0,10428.0,75490.0,75490.0,77,77,10,10,6318,5214
2,91011,45,Aleatorio,HilllClimbing,false,false,true,false,22,true,true,Avanzada,-61874.0,-64082.0,12636.0,10428.0,75490.0,75490.0,77,77,10,10,6318,5214
2,91011,39,Aleatorio,HilllClimbing,false,false,true,false,22,true,true,Basica,-62854.0,-65062.0,12636.0,10428.0,75490.0,75490.0,77,77,10,10,6318,5214
2,91011,45,Aleatorio,HilllClimbing,false,false,true,false,22,true,true,Avanzada,-61874.0,-64082.0,12636.0,10428.0,75490.0,75490.0,77,77,10,10,6318,5214
2,91011,44,Aleatorio,HilllClimbing,false,false,true,false,22,true,true,Basica,-62854.0,-65062.0,12636.0,10428.0,75490.0,75490.0,77,77,10,10,6318,5214
2,91011,46,Aleatorio,HilllClimbing,false,false,true,false,22,true,true,Avanzada,-61874.0,-64082.0,12636.0,10428.0,75490.0,75490.0,77,77,10,10,6318,5214
2,91011,39,Aleatorio,HilllClimbing,false,false,true,false,22,true,true,Basica,-62854.0,-65062.0,12636.0,10428.0,75490.0,75490.0,77,77,10,10,6318,5214
2,91011,3149,Aleatorio,HilllClimbing,true,false,true,true,85,true,true,Avanzada,-61874.0,-71642.0,12636.0,2868.0,75490.0,75590.0,77,77,10,10,6318,1434
2,91011,1945,Aleatorio,HilllClimbing,true,false,true,true,76,true,true,Basica,-62854.0,-72564.0,12636.0,3216.0,75490.0,75780.0,77,77,10,10,6318,1608
2,91011,3084,Aleatorio,HilllClimbing,true,false,true,true,85,true,true,Avanzada,-61874.0,-71642.0,12636.0,2868.0,75490.0,75590.0,77,77,10,10,6318,1434
2,91011,1849,Aleatorio,HilllClimbing,true,false,true,true,76,true,true,Basica,-62854.0,-72564.0,12636.0,3216.0,75490.0,75780.0,77,77,10,10,6318,1608
2,91011,3117,Aleatorio,HilllClimbing,true,false,true,true,85,true,true,Avanzada,-61874.0,-71642.0,12636.0,2868.0,75490.0,75590.0,77,77,10,10,6318,1434
2,91011,1854,Aleatorio,HilllClimbing,true,false,true,true,76,true,true,Basica,-62854.0,-72564.0,12636.0,3216.0,75490.0,75780.0,77,77,10,10,6318,1608
2,91011,3053,Aleatorio,HilllClimbing,true,false,true,true,85,true,true,Avanzada,-61874.0,-71642.0,12636.0,2868.0,75490.0,75590.0,77,77,10,10,6318,1434
2,91011,1861,Aleatorio,HilllClimbing,true,false,true,true,76,true,true,Basica,-62854.0,-72564.0,12636.0,3216.0,75490.0,75780.0,77,77,10,10,6318,1608
2,91011,2888,Aleatorio,HilllClimbing,true,false,true,true,85,true,true,Avanzada,-61874.0,-71642.0,12636.0,2868.0,75490.0,75590.0,77,77,10,10,6318,1434
2,91011,1820,Aleatorio,HilllClimbing,true,false,true,true,76,true,true,Basica,-62854.0,-72564.0,12636.0,3216.0,75490.0,75780.0,77,77,10,10,6318,1608
2,91011,138,Aleatorio,HilllClimbing,false,true,true,true,37,true,true,Avanzada,-61874.0,-81902.0,12636.0,11608.0,75490.0,94090.0,77,96,10,10,6318,5804
2,91011,126,Aleatorio,HilllClimbing,false,true,true,true,38,true,true,Basica,-62854.0,-82696.0,12636.0,11444.0,75490.0,94140.0,77,96,10,10,6318,5722
2,91011,172,Aleatorio,HilllClimbing,false,true,true,true,37,true,true,Avanzada,-61874.0,-81902.0,12636.0,11608.0,75490.0,94090.0,77,96,10,10,6318,5804
2,91011,147,Aleatorio,HilllClimbing,false,true,true,true,38,true,true,Basica,-62854.0,-82696.0,12636.0,11444.0,75490.0,94140.0,77,96,10,10,6318,5722
2,91011,152,Aleatorio,HilllClimbing,false,true,true,true,37,true,true,Avanzada,-61874.0,-81902.0,12636.0,11608.0,75490.0,94090.0,77,96,10,10,6318,5804
2,91011,140,Aleatorio,HilllClimbing,false,true,true,true,38,true,true,Basica,-62854.0,-82696.0,12636.0,11444.0,75490.0,94140.0,77,96,10,10,6318,5722
2,91011,144,Aleatorio,HilllClimbing,false,true,true,true,37,true,true,Avanzada,-61874.0,-81902.0,12636.0,11608.0,75490.0,94090.0,77,96,10,10,6318,5804
2,91011,132,Aleatorio,HilllClimbing,false,true,true,true,38,true,true,Basica,-62854.0,-82696.0,12636.0,11444.0,75490.0,94140.0,77,96,10,10,6318,5722
2,91011,139,Aleatorio,HilllClimbing,false,true,true,true,37,true,true,Avanzada,-61874.0,-81902.0,12636.0,11608.0,75490.0,94090.0,77,96,10,10,6318,5804
2,91011,131,Aleatorio,HilllClimbing,false,true,true,true,38,true,true,Basica,-62854.0,-82696.0,12636.0,11444.0,75490.0,94140.0,77,96,10,10,6318,5722
2,91011,2476,Aleatorio,HilllClimbing,true,true,false,false,86,true,true,Avanzada,-61874.0,-92390.0,12636.0,5120.0,75490.0,98110.0,77,100,10,10,6318,2560
2,91011,2122,Aleatorio,HilllClimbing,true,true,false,false,91,true,true,Basica,-62854.0,-92900.0,12636.0,5320.0,75490.0,98220.0,77,100,10,10,6318,2660
2,91011,2388,Aleatorio,HilllClimbing,true,true,false,false,86,true,true,Avanzada,-61874.0,-92390.0,12636.0,5120.0,75490.0,98110.0,77,100,10,10,6318,2560
2,91011,2157,Aleatorio,HilllClimbing,true,true,false,false,91,true,true,Basica,-62854.0,-92900.0,12636.0,5320.0,75490.0,98220.0,77,100,10,10,6318,2660
2,91011,2415,Aleatorio,HilllClimbing,true,true,false,false,86,true,true,Avanzada,-61874.0,-92390.0,12636.0,5120.0,75490.0,98110.0,77,100,10,10,6318,2560
2,91011,2240,Aleatorio,HilllClimbing,true,true,false,false,91,true,true,Basica,-62854.0,-92900.0,12636.0,5320.0,75490.0,98220.0,77,100,10,10,6318,2660
2,91011,2855,Aleatorio,HilllClimbing,true,true,false,false,86,true,true,Avanzada,-61874.0,-92390.0,12636.0,5120.0,75490.0,98110.0,77,100,10,10,6318,2560
2,91011,2380,Aleatorio,HilllClimbing,true,true,false,false,91,true,true,Basica,-62854.0,-92900.0,12636.0,5320.0,75490.0,98220.0,77,100,10,10,6318,2660
2,91011,2855,Aleatorio,HilllClimbing,true,true,false,false,86,true,true,Avanzada,-61874.0,-92390.0,12636.0,5120.0,75490.0,98110.0,77,100,10,10,6318,2560
2,91011,2301,Aleatorio,HilllClimbing,true,true,false,false,91,true,true,Basica,-62854.0,-92900.0,12636.0,5320.0,75490.0,98220.0,77,100,10,10,6318,2660
2,91011,3173,Aleatorio,HilllClimbing,true,true,true,true,96,true,true,Avanzada,-61874.0,-92274.0,12636.0,5236.0,75490.0,98090.0,77,100,10,10,6318,2618
2,91011,2193,Aleatorio,HilllClimbing,true,true,true,true,89,true,true,Basica,-62854.0,-92746.0,12636.0,5464.0,75490.0,98210.0,77,100,10,10,6318,2732
2,91011,2825,Aleatorio,HilllClimbing,true,true,true,true,96,true,true,Avanzada,-61874.0,-92274.0,12636.0,5236.0,75490.0,98090.0,77,100,10,10,6318,2618
2,91011,2418,Aleatorio,HilllClimbing,true,true,true,true,89,true,true,Basica,-62854.0,-92746.0,12636.0,5464.0,75490.0,98210.0,77,100,10,10,6318,2732
2,91011,3053,Aleatorio,HilllClimbing,true,true,true,true,96,true,true,Avanzada,-61874.0,-92274.0,12636.0,5236.0,75490.0,98090.0,77,100,10,10,6318,2618
2,91011,2357,Aleatorio,HilllClimbing,true,true,true,true,89,true,true,Basica,-62854.0,-92746.0,12636.0,5464.0,75490.0,98210.0,77,100,10,10,6318,2732
2,91011,3007,Aleatorio,HilllClimbing,true,true,true,true,96,true,true,Avanzada,-61874.0,-92274.0,12636.0,5236.0,75490.0,98090.0,77,100,10,10,6318,2618
2,91011,2349,Aleatorio,HilllClimbing,true,true,true,true,89,true,true,Basica,-62854.0,-92746.0,12636.0,5464.0,75490.0,98210.0,77,100,10,10,6318,2732
2,91011,2968,Aleatorio,HilllClimbing,true,true,true,true,96,true,true,Avanzada,-61874.0,-92274.0,12636.0,5236.0,75490.0,98090.0,77,100,10,10,6318,2618
2,91011,2293,Aleatorio,HilllClimbing,true,true,true,true,89,true,true,Basica,-62854.0,-92746.0,12636.0,5464.0,75490.0,98210.0,77,100,10,10,6318,2732
3,121314,1869,Aleatorio,HilllClimbing,true,false,false,false,86,true,true,Avanzada,-63016.0,-71900.0,12644.0,3760.0,76480.0,76500.0,78,78,10,10,6322,1880
3,121314,1339,Aleatorio,HilllClimbing,true,false,false,false,75,true,true,Basica,-63836.0,-72802.0,12644.0,4008.0,76480.0,76810.0,78,78,10,10,6322,2004
3,121314,1966,Aleatorio,HilllClimbing,true,false,false,false,86,true,true,Avanzada,-63016.0,-71900.0,12644.0,3760.0,76480.0,76500.0,78,78,10,10,6322,1880
3,121314,1338,Aleatorio,HilllClimbing,true,false,false,false,75,true,true,Basica,-63836.0,-72802.0,12644.0,4008.0,76480.0,76810.0,78,78,10,10,6322,2004
3,121314,2146,Aleatorio,HilllClimbing,true,false,false,false,86,true,true,Avanzada,-63016.0,-71900.0,12644.0,3760.0,76480.0,76500.0,78,78,10,10,6322,1880
3,121314,1449,Aleatorio,HilllClimbing,true,false,false,false,75,true,true,Basica,-63836.0,-72802.0,12644.0,4008.0,76480.0,76810.0,78,78,10,10,6322,2004
3,121314,1961,Aleatorio,HilllClimbing,true,false,false,false,86,true,true,Avanzada,-63016.0,-71900.0,12644.0,3760.0,76480.0,76500.0,78,78,10,10,6322,1880
3,121314,1373,Aleatorio,HilllClimbing,true,false,false,false,75,true,true,Basica,-63836.0,-72802.0,12644.0,4008.0,76480.0,76810.0,78,78,10,10,6322,2004
3,121314,2075,Aleatorio,HilllClimbing,true,false,false,false,86,true,true,Avanzada,-63016.0,-71900.0,12644.0,3760.0,76480.0,76500.0,78,78,10,10,6322,1880
3,121314,1279,Aleatorio,HilllClimbing,true,false,false,false,75,true,true,Basica,-63836.0,-72802.0,12644.0,4008.0,76480.0,76810.0,78,78,10,10,6322,2004
3,121314,11,Aleatorio,HilllClimbing,false,true,false,false,4,true,true,Avanzada,-63016.0,-66004.0,12644.0,12656.0,76480.0,79390.0,78,81,10,10,6322,6328
3,121314,13,Aleatorio,HilllClimbing,false,true,false,false,4,true,true,Basica,-63836.0,-66744.0,12644.0,12676.0,76480.0,79420.0,78,81,10,10,6322,6338
3,121314,14,Aleatorio,HilllClimbing,false,true,false,false,4,true,true,Avanzada,-63016.0,-66004.0,12644.0,12656.0,76480.0,79390.0,78,81,10,10,6322,6328
3,121314,12,Aleatorio,HilllClimbing,false,true,false,false,4,true,true,Basica,-63836.0,-66744.0,12644.0,12676.0,76480.0,79420.0,78,81,10,10,6322,6338
3,121314,12,Aleatorio,HilllClimbing,false,true,false,false,4,true,true,Avanzada,-63016.0,-66004.0,12644.0,12656.0,76480.0,79390.0,78,81,10,10,6322,6328
3,121314,13,Aleatorio,HilllClimbing,false,true,false,false,4,true,true,Basica,-63836.0,-66744.0,12644.0,12676.0,76480.0,79420.0,78,81,10,10,6322,6338
3,121314,12,Aleatorio,HilllClimbing,false,true,false,false,4,true,true,Avanzada,-63016.0,-66004.0,12644.0,12656.0,76480.0,79390.0,78,81,10,10,6322,6328
3,121314,14,Aleatorio,HilllClimbing,false,true,false,false,4,true,true,Basica,-63836.0,-66744.0,12644.0,12676.0,76480.0,79420.0,78,81,10,10,6322,6338
3,121314,12,Aleatorio,HilllClimbing,false,true,false,false,4,true,true,Avanzada,-63016.0,-66004.0,12644.0,12656.0,76480.0,79390.0,78,81,10,10,6322,6328
3,121314,12,Aleatorio,HilllClimbing,false,true,false,false,4,true,true,Basica,-63836.0,-66744.0,12644.0,12676.0,76480.0,79420.0,78,81,10,10,6322,6338
3,121314,55,Aleatorio,HilllClimbing,false,false,true,false,22,true,true,Avanzada,-63016.0,-66468.0,12644.0,9192.0,76480.0,76480.0,78,78,10,10,6322,4596
3,121314,43,Aleatorio,HilllClimbing,false,false,true,false,22,true,true,Basica,-63836.0,-67288.0,12644.0,9192.0,76480.0,76480.0,78,78,10,10,6322,4596
3,121314,54,Aleatorio,HilllClimbing,false,false,true,false,22,true,true,Avanzada,-63016.0,-66468.0,12644.0,9192.0,76480.0,76480.0,78,78,10,10,6322,4596
3,121314,46,Aleatorio,HilllClimbing,false,false,true,false,22,true,true,Basica,-63836.0,-67288.0,12644.0,9192.0,76480.0,76480.0,78,78,10,10,6322,4596
3,121314,52,Aleatorio,HilllClimbing,false,false,true,false,22,true,true,Avanzada,-63016.0,-66468.0,12644.0,9192.0,76480.0,76480.0,78,78,10,10,6322,4596
3,121314,44,Aleatorio,HilllClimbing,false,false,true,false,22,true,true,Basica,-63836.0,-67288.0,12644.0,9192.0,76480.0,76480.0,78,78,10,10,6322,4596
3,121314,54,Aleatorio,HilllClimbing,false,false,true,false,22,true,true,Avanzada,-63016.0,-66468.0,12644.0,9192.0,76480.0,76480.0,78,78,10,10,6322,4596
3,121314,58,Aleatorio,HilllClimbing,false,false,true,false,22,true,true,Basica,-63836.0,-67288.0,12644.0,9192.0,76480.0,76480.0,78,78,10,10,6322,4596
3,121314,75,Aleatorio,HilllClimbing,false,false,true,false,22,true,true,Avanzada,-63016.0,-66468.0,12644.0,9192.0,76480.0,76480.0,78,78,10,10,6322,4596
3,121314,52,Aleatorio,HilllClimbing,false,false,true,false,22,true,true,Basica,-63836.0,-67288.0,12644.0,9192.0,76480.0,76480.0,78,78,10,10,6322,4596
3,121314,2458,Aleatorio,HilllClimbing,true,false,true,true,83,true,true,Avanzada,-63016.0,-72496.0,12644.0,3164.0,76480.0,76540.0,78,78,10,10,6322,1582
3,121314,1633,Aleatorio,HilllClimbing,true,false,true,true,82,true,true,Basica,-63836.0,-73422.0,12644.0,3428.0,76480.0,76850.0,78,78,10,10,6322,1714
3,121314,2204,Aleatorio,HilllClimbing,true,false,true,true,83,true,true,Avanzada,-63016.0,-72496.0,12644.0,3164.0,76480.0,76540.0,78,78,10,10,6322,1582
3,121314,1693,Aleatorio,HilllClimbing,true,false,true,true,82,true,true,Basica,-63836.0,-73422.0,12644.0,3428.0,76480.0,76850.0,78,78,10,10,6322,1714
3,121314,2105,Aleatorio,HilllClimbing,true,false,true,true,83,true,true,Avanzada,-63016.0,-72496.0,12644.0,3164.0,76480.0,76540.0,78,78,10,10,6322,1582
3,121314,1605,Aleatorio,HilllClimbing,true,false,true,true,82,true,true,Basica,-63836.0,-73422.0,12644.0,3428.0,76480.0,76850.0,78,78,10,10,6322,1714
3,121314,2190,Aleatorio,HilllClimbing,true,false,true,true,83,true,true,Avanzada,-63016.0,-72496.0,12644.0,3164.0,76480.0,76540.0,78,78,10,10,6322,1582
3,121314,1653,Aleatorio,HilllClimbing,true,false,true,true,82,true,true,Basica,-63836.0,-73422.0,12644.0,3428.0,76480.0,76850.0,78,78,10,10,6322,1714
3,121314,2239,Aleatorio,HilllClimbing,true,false,true,true,83,true,true,Avanzada,-63016.0,-72496.0,12644.0,3164.0,76480.0,76540.0,78,78,10,10,6322,1582
3,121314,1884,Aleatorio,HilllClimbing,true,false,true,true,82,true,true,Basica,-63836.0,-73422.0,12644.0,3428.0,76480.0,76850.0,78,78,10,10,6322,1714
3,121314,160,Aleatorio,HilllClimbing,false,true,true,true,43,true,true,Avanzada,-63016.0,-83680.0,12644.0,9980.0,76480.0,94080.0,78,96,10,10,6322,4990
3,121314,159,Aleatorio,HilllClimbing,false,true,true,true,40,true,true,Basica,-63836.0,-84014.0,12644.0,10076.0,76480.0,94090.0,78,96,10,10,6322,5038
3,121314,169,Aleatorio,HilllClimbing,false,true,true,true,43,true,true,Avanzada,-63016.0,-83680.0,12644.0,9980.0,76480.0,94080.0,78,96,10,10,6322,4990
3,121314,147,Aleatorio,HilllClimbing,false,true,true,true,40,true,true,Basica,-63836.0,-84014.0,12644.0,10076.0,76480.0,94090.0,78,96,10,10,6322,5038
3,121314,167,Aleatorio,HilllClimbing,false,true,true,true,43,true,true,Avanzada,-63016.0,-83680.0,12644.0,9980.0,76480.0,94080.0,78,96,10,10,6322,4990
3,121314,139,Aleatorio,HilllClimbing,false,true,true,true,40,true,true,Basica,-63836.0,-84014.0,12644.0,10076.0,76480.0,94090.0,78,96,10,10,6322,5038
3,121314,173,Aleatorio,HilllClimbing,false,true,true,true,43,true,true,Avanzada,-63016.0,-83680.0,12644.0,9980.0,76480.0,94080.0,78,96,10,10,6322,4990
3,121314,149,Aleatorio,HilllClimbing,false,true,true,true,40,true,true,Basica,-63836.0,-84014.0,12644.0,10076.0,76480.0,94090.0,78,96,10,10,6322,5038
3,121314,168,Aleatorio,HilllClimbing,false,true,true,true,43,true,true,Avanzada,-63016.0,-83680.0,12644.0,9980.0,76480.0,94080.0,78,96,10,10,6322,4990
3,121314,147,Aleatorio,HilllClimbing,false,true,true,true,40,true,true,Basica,-63836.0,-84014.0,12644.0,10076.0,76480.0,94090.0,78,96,10,10,6322,5038
3,121314,2163,Aleatorio,HilllClimbing,true,true,false,false,97,true,true,Avanzada,-63016.0,-92004.0,12644.0,5656.0,76480.0,98000.0,78,100,10,10,6322,2828
3,121314,2005,Aleatorio,HilllClimbing,true,true,false,false,105,true,true,Basica,-63836.0,-92838.0,12644.0,5452.0,76480.0,98290.0,78,100,10,10,6322,2726
3,121314,2112,Aleatorio,HilllClimbing,true,true,false,false,97,true,true,Avanzada,-63016.0,-92004.0,12644.0,5656.0,76480.0,98000.0,78,100,10,10,6322,2828
3,121314,1946,Aleatorio,HilllClimbing,true,true,false,false,105,true,true,Basica,-63836.0,-92838.0,12644.0,5452.0,76480.0,98290.0,78,100,10,10,6322,2726
3,121314,1937,Aleatorio,HilllClimbing,true,true,false,false,97,true,true,Avanzada,-63016.0,-92004.0,12644.0,5656.0,76480.0,98000.0,78,100,10,10,6322,2828
3,121314,2008,Aleatorio,HilllClimbing,true,true,false,false,105,true,true,Basica,-63836.0,-92838.0,12644.0,5452.0,76480.0,98290.0,78,100,10,10,6322,2726
3,121314,2071,Aleatorio,HilllClimbing,true,true,false,false,97,true,true,Avanzada,-63016.0,-92004.0,12644.0,5656.0,76480.0,98000.0,78,100,10,10,6322,2828
3,121314,2050,Aleatorio,HilllClimbing,true,true,false,false,105,true,true,Basica,-63836.0,-92838.0,12644.0,5452.0,76480.0,98290.0,78,100,10,10,6322,2726
3,121314,2067,Aleatorio,HilllClimbing,true,true,false,false,97,true,true,Avanzada,-63016.0,-92004.0,12644.0,5656.0,76480.0,98000.0,78,100,10,10,6322,2828
3,121314,2170,Aleatorio,HilllClimbing,true,true,false,false,105,true,true,Basica,-63836.0,-92838.0,12644.0,5452.0,76480.0,98290.0,78,100,10,10,6322,2726
3,121314,2489,Aleatorio,HilllClimbing,true,true,true,true,96,true,true,Avanzada,-63016.0,-92860.0,12644.0,4800.0,76480.0,98020.0,78,100,10,10,6322,2400
3,121314,2246,Aleatorio,HilllClimbing,true,true,true,true,100,true,true,Basica,-63836.0,-93152.0,12644.0,5168.0,76480.0,98320.0,78,100,10,10,6322,2584
3,121314,2592,Aleatorio,HilllClimbing,true,true,true,true,96,true,true,Avanzada,-63016.0,-92860.0,12644.0,4800.0,76480.0,98020.0,78,100,10,10,6322,2400
3,121314,2422,Aleatorio,HilllClimbing,true,true,true,true,100,true,true,Basica,-63836.0,-93152.0,12644.0,5168.0,76480.0,98320.0,78,100,10,10,6322,2584
3,121314,2492,Aleatorio,HilllClimbing,true,true,true,true,96,true,true,Avanzada,-63016.0,-92860.0,12644.0,4800.0,76480.0,98020.0,78,100,10,10,6322,2400
3,121314,2329,Aleatorio,HilllClimbing,true,true,true,true,100,true,true,Basica,-63836.0,-93152.0,12644.0,5168.0,76480.0,98320.0,78,100,10,10,6322,2584
3,121314,2650,Aleatorio,HilllClimbing,true,true,true,true,96,true,true,Avanzada,-63016.0,-92860.0,12644.0,4800.0,76480.0,98020.0,78,100,10,10,6322,2400
3,121314,2359,Aleatorio,HilllClimbing,true,true,true,true,100,true,true,Basica,-63836.0,-93152.0,12644.0,5168.0,76480.0,98320.0,78,100,10,10,6322,2584
3,121314,2756,Aleatorio,HilllClimbing,true,true,true,true,96,true,true,Avanzada,-63016.0,-92860.0,12644.0,4800.0,76480.0,98020.0,78,100,10,10,6322,2400
3,121314,2394,Aleatorio,HilllClimbing,true,true,true,true,100,true,true,Basica,-63836.0,-93152.0,12644.0,5168.0,76480.0,98320.0,78,100,10,10,6322,2584
4,151617,1784,Aleatorio,HilllClimbing,true,false,false,false,74,true,true,Avanzada,-63084.0,-72280.0,12476.0,3280.0,76170.0,76380.0,78,78,10,10,6238,1640
4,151617,1558,Aleatorio,HilllClimbing,true,false,false,false,79,true,true,Basica,-63694.0,-73298.0,12476.0,3432.0,76170.0,76730.0,78,78,10,10,6238,1716
4,151617,1910,Aleatorio,HilllClimbing,true,false,false,false,74,true,true,Avanzada,-63084.0,-72280.0,12476.0,3280.0,76170.0,76380.0,78,78,10,10,6238,1640
4,151617,1397,Aleatorio,HilllClimbing,true,false,false,false,79,true,true,Basica,-63694.0,-73298.0,12476.0,3432.0,76170.0,76730.0,78,78,10,10,6238,1716
4,151617,1745,Aleatorio,HilllClimbing,true,false,false,false,74,true,true,Avanzada,-63084.0,-72280.0,12476.0,3280.0,76170.0,76380.0,78,78,10,10,6238,1640
4,151617,1338,Aleatorio,HilllClimbing,true,false,false,false,79,true,true,Basica,-63694.0,-73298.0,12476.0,3432.0,76170.0,76730.0,78,78,10,10,6238,1716
4,151617,1976,Aleatorio,HilllClimbing,true,false,false,false,74,true,true,Avanzada,-63084.0,-72280.0,12476.0,3280.0,76170.0,76380.0,78,78,10,10,6238,1640
4,151617,1463,Aleatorio,HilllClimbing,true,false,false,false,79,true,true,Basica,-63694.0,-73298.0,12476.0,3432.0,76170.0,76730.0,78,78,10,10,6238,1716
4,151617,1651,Aleatorio,HilllClimbing,true,false,false,false,74,true,true,Avanzada,-63084.0,-72280.0,12476.0,3280.0,76170.0,76380.0,78,78,10,10,6238,1640
4,151617,1480,Aleatorio,HilllClimbing,true,false,false,false,79,true,true,Basica,-63694.0,-73298.0,12476.0,3432.0,76170.0,76730.0,78,78,10,10,6238,1716
4,151617,9,Aleatorio,HilllClimbing,false,true,false,false,3,true,true,Avanzada,-63084.0,-65084.0,12476.0,12476.0,76170.0,78140.0,78,80,10,10,6238,6238
4,151617,11,Aleatorio,HilllClimbing,false,true,false,false,3,true,true,Basica,-63694.0,-65664.0,12476.0,12476.0,76170.0,78140.0,78,80,10,10,6238,6238
4,151617,10,Aleatorio,HilllClimbing,false,true,false,false,3,true,true,Avanzada,-63084.0,-65084.0,12476.0,12476.0,76170.0,78140.0,78,80,10,10,6238,6238
4,151617,10,Aleatorio,HilllClimbing,false,true,false,false,3,true,true,Basica,-63694.0,-65664.0,12476.0,12476.0,76170.0,78140.0,78,80,10,10,6238,6238
4,151617,9,Aleatorio,HilllClimbing,false,true,false,false,3,true,true,Avanzada,-63084.0,-65084.0,12476.0,12476.0,76170.0,78140.0,78,80,10,10,6238,6238
4,151617,10,Aleatorio,HilllClimbing,false,true,false,false,3,true,true,Basica,-63694.0,-65664.0,12476.0,12476.0,76170.0,78140.0,78,80,10,10,6238,6238
4,151617,9,Aleatorio,HilllClimbing,false,true,false,false,3,true,true,Avanzada,-63084.0,-65084.0,12476.0,12476.0,76170.0,78140.0,78,80,10,10,6238,6238
4,151617,10,Aleatorio,HilllClimbing,false,true,false,false,3,true,true,Basica,-63694.0,-65664.0,12476.0,12476.0,76170.0,78140.0,78,80,10,10,6238,6238
4,151617,11,Aleatorio,HilllClimbing,false,true,false,false,3,true,true,Avanzada,-63084.0,-65084.0,12476.0,12476.0,76170.0,78140.0,78,80,10,10,6238,6238
4,151617,10,Aleatorio,HilllClimbing,false,true,false,false,3,true,true,Basica,-63694.0,-65664.0,12476.0,12476.0,76170.0,78140.0,78,80,10,10,6238,6238
4,151617,55,Aleatorio,HilllClimbing,false,false,true,false,24,true,true,Avanzada,-63084.0,-65764.0,12476.0,9796.0,76170.0,76170.0,78,78,10,10,6238,4898
4,151617,44,Aleatorio,HilllClimbing,false,false,true,false,24,true,true,Basica,-63694.0,-66374.0,12476.0,9796.0,76170.0,76170.0,78,78,10,10,6238,4898
4,151617,53,Aleatorio,HilllClimbing,false,false,true,false,24,true,true,Avanzada,-63084.0,-65764.0,12476.0,9796.0,76170.0,76170.0,78,78,10,10,6238,4898
4,151617,45,Aleatorio,HilllClimbing,false,false,true,false,24,true,true,Basica,-63694.0,-66374.0,12476.0,9796.0,76170.0,76170.0,78,78,10,10,6238,4898
4,151617,51,Aleatorio,HilllClimbing,false,false,true,false,24,true,true,Avanzada,-63084.0,-65764.0,12476.0,9796.0,76170.0,76170.0,78,78,10,10,6238,4898
4,151617,42,Aleatorio,HilllClimbing,false,false,true,false,24,true,true,Basica,-63694.0,-66374.0,12476.0,9796.0,76170.0,76170.0,78,78,10,10,6238,4898
4,151617,52,Aleatorio,HilllClimbing,false,false,true,false,24,true,true,Avanzada,-63084.0,-65764.0,12476.0,9796.0,76170.0,76170.0,78,78,10,10,6238,4898
4,151617,44,Aleatorio,HilllClimbing,false,false,true,false,24,true,true,Basica,-63694.0,-66374.0,12476.0,9796.0,76170.0,76170.0,78,78,10,10,6238,4898
4,151617,52,Aleatorio,HilllClimbing,false,false,true,false,24,true,true,Avanzada,-63084.0,-65764.0,12476.0,9796.0,76170.0,76170.0,78,78,10,10,6238,4898
4,151617,42,Aleatorio,HilllClimbing,false,false,true,false,24,true,true,Basica,-63694.0,-66374.0,12476.0,9796.0,76170.0,76170.0,78,78,10,10,6238,4898
4,151617,1943,Aleatorio,HilllClimbing,true,false,true,true,73,true,true,Avanzada,-63084.0,-72616.0,12476.0,2944.0,76170.0,76420.0,78,78,10,10,6238,1472
4,151617,1547,Aleatorio,HilllClimbing,true,false,true,true,80,true,true,Basica,-63694.0,-73700.0,12476.0,3140.0,76170.0,76840.0,78,78,10,10,6238,1570
4,151617,2041,Aleatorio,HilllClimbing,true,false,true,true,73,true,true,Avanzada,-63084.0,-72616.0,12476.0,2944.0,76170.0,76420.0,78,78,10,10,6238,1472
4,151617,1719,Aleatorio,HilllClimbing,true,false,true,true,80,true,true,Basica,-63694.0,-73700.0,12476.0,3140.0,76170.0,76840.0,78,78,10,10,6238,1570
4,151617,2119,Aleatorio,HilllClimbing,true,false,true,true,73,true,true,Avanzada,-63084.0,-72616.0,12476.0,2944.0,76170.0,76420.0,78,78,10,10,6238,1472
4,151617,1705,Aleatorio,HilllClimbing,true,false,true,true,80,true,true,Basica,-63694.0,-73700.0,12476.0,3140.0,76170.0,76840.0,78,78,10,10,6238,1570
4,151617,1847,Aleatorio,HilllClimbing,true,false,true,true,73,true,true,Avanzada,-63084.0,-72616.0,12476.0,2944.0,76170.0,76420.0,78,78,10,10,6238,1472
4,151617,1679,Aleatorio,HilllClimbing,true,false,true,true,80,true,true,Basica,-63694.0,-73700.0,12476.0,3140.0,76170.0,76840.0,78,78,10,10,6238,1570
4,151617,2010,Aleatorio,HilllClimbing,true,false,true,true,73,true,true,Avanzada,-63084.0,-72616.0,12476.0,2944.0,76170.0,76420.0,78,78,10,10,6238,1472
4,151617,1599,Aleatorio,HilllClimbing,true,false,true,true,80,true,true,Basica,-63694.0,-73700.0,12476.0,3140.0,76170.0,76840.0,78,78,10,10,6238,1570
4,151617,129,Aleatorio,HilllClimbing,false,true,true,true,37,true,true,Avanzada,-63084.0,-82624.0,12476.0,10936.0,76170.0,93940.0,78,96,10,10,6238,5468
4,151617,120,Aleatorio,HilllClimbing,false,true,true,true,37,true,true,Basica,-63694.0,-82942.0,12476.0,11008.0,76170.0,93950.0,78,96,10,10,6238,5504
4,151617,139,Aleatorio,HilllClimbing,false,true,true,true,37,true,true,Avanzada,-63084.0,-82624.0,12476.0,10936.0,76170.0,93940.0,78,96,10,10,6238,5468
4,151617,153,Aleatorio,HilllClimbing,false,true,true,true,37,true,true,Basica,-63694.0,-82942.0,12476.0,11008.0,76170.0,93950.0,78,96,10,10,6238,5504
4,151617,135,Aleatorio,HilllClimbing,false,true,true,true,37,true,true,Avanzada,-63084.0,-82624.0,12476.0,10936.0,76170.0,93940.0,78,96,10,10,6238,5468
4,151617,133,Aleatorio,HilllClimbing,false,true,true,true,37,true,true,Basica,-63694.0,-82942.0,12476.0,11008.0,76170.0,93950.0,78,96,10,10,6238,5504
4,151617,136,Aleatorio,HilllClimbing,false,true,true,true,37,true,true,Avanzada,-63084.0,-82624.0,12476.0,10936.0,76170.0,93940.0,78,96,10,10,6238,5468
4,151617,123,Aleatorio,HilllClimbing,false,true,true,true,37,true,true,Basica,-63694.0,-82942.0,12476.0,11008.0,76170.0,93950.0,78,96,10,10,6238,5504
4,151617,129,Aleatorio,HilllClimbing,false,true,true,true,37,true,true,Avanzada,-63084.0,-82624.0,12476.0,10936.0,76170.0,93940.0,78,96,10,10,6238,5468
4,151617,118,Aleatorio,HilllClimbing,false,true,true,true,37,true,true,Basica,-63694.0,-82942.0,12476.0,11008.0,76170.0,93950.0,78,96,10,10,6238,5504
4,151617,1958,Aleatorio,HilllClimbing,true,true,false,false,92,true,true,Avanzada,-63084.0,-92684.0,12476.0,4876.0,76170.0,97980.0,78,100,10,10,6238,2438
4,151617,1786,Aleatorio,HilllClimbing,true,true,false,false,96,true,true,Basica,-63694.0,-93236.0,12476.0,5044.0,76170.0,98280.0,78,100,10,10,6238,2522
4,151617,1910,Aleatorio,HilllClimbing,true,true,false,false,92,true,true,Avanzada,-63084.0,-92684.0,12476.0,4876.0,76170.0,97980.0,78,100,10,10,6238,2438
4,151617,1790,Aleatorio,HilllClimbing,true,true,false,false,96,true,true,Basica,-63694.0,-93236.0,12476.0,5044.0,76170.0,98280.0,78,100,10,10,6238,2522
4,151617,1914,Aleatorio,HilllClimbing,true,true,false,false,92,true,true,Avanzada,-63084.0,-92684.0,12476.0,4876.0,76170.0,97980.0,78,100,10,10,6238,2438
4,151617,1846,Aleatorio,HilllClimbing,true,true,false,false,96,true,true,Basica,-63694.0,-93236.0,12476.0,5044.0,76170.0,98280.0,78,100,10,10,6238,2522
4,151617,1996,Aleatorio,HilllClimbing,true,true,false,false,92,true,true,Avanzada,-63084.0,-92684.0,12476.0,4876.0,76170.0,97980.0,78,100,10,10,6238,2438
4,151617,1814,Aleatorio,HilllClimbing,true,true,false,false,96,true,true,Basica,-63694.0,-93236.0,12476.0,5044.0,76170.0,98280.0,78,100,10,10,6238,2522
4,151617,2066,Aleatorio,HilllClimbing,true,true,false,false,92,true,true,Avanzada,-63084.0,-92684.0,12476.0,4876.0,76170.0,97980.0,78,100,10,10,6238,2438
4,151617,1924,Aleatorio,HilllClimbing,true,true,false,false,96,true,true,Basica,-63694.0,-93236.0,12476.0,5044.0,76170.0,98280.0,78,100,10,10,6238,2522
4,151617,2415,Aleatorio,HilllClimbing,true,true,true,true,96,true,true,Avanzada,-63084.0,-92924.0,12476.0,4636.0,76170.0,97950.0,78,100,10,10,6238,2318
4,151617,2181,Aleatorio,HilllClimbing,true,true,true,true,96,true,true,Basica,-63694.0,-93390.0,12476.0,4940.0,76170.0,98330.0,78,100,10,10,6238,2470
4,151617,2501,Aleatorio,HilllClimbing,true,true,true,true,96,true,true,Avanzada,-63084.0,-92924.0,12476.0,4636.0,76170.0,97950.0,78,100,10,10,6238,2318
4,151617,2056,Aleatorio,HilllClimbing,true,true,true,true,96,true,true,Basica,-63694.0,-93390.0,12476.0,4940.0,76170.0,98330.0,78,100,10,10,6238,2470
4,151617,2325,Aleatorio,HilllClimbing,true,true,true,true,96,true,true,Avanzada,-63084.0,-92924.0,12476.0,4636.0,76170.0,97950.0,78,100,10,10,6238,2318
4,151617,2125,Aleatorio,HilllClimbing,true,true,true,true,96,true,true,Basica,-63694.0,-93390.0,12476.0,4940.0,76170.0,98330.0,78,100,10,10,6238,2470
4,151617,2426,Aleatorio,HilllClimbing,true,true,true,true,96,true,true,Avanzada,-63084.0,-92924.0,12476.0,4636.0,76170.0,97950.0,78,100,10,10,6238,2318
4,151617,2409,Aleatorio,HilllClimbing,true,true,true,true,96,true,true,Basica,-63694.0,-93390.0,12476.0,4940.0,76170.0,98330.0,78,100,10,10,6238,2470
4,151617,2688,Aleatorio,HilllClimbing,true,true,true,true,96,true,true,Avanzada,-63084.0,-92924.0,12476.0,4636.0,76170.0,97950.0,78,100,10,10,6238,2318
4,151617,2090,Aleatorio,HilllClimbing,true,true,true,true,96,true,true,Basica,-63694.0,-93390.0,12476.0,4940.0,76170.0,98330.0,78,100,10,10,6238,2470
5,181920,1568,Aleatorio,HilllClimbing,true,false,false,false,66,true,true,Avanzada,-60626.0,-68778.0,12664.0,4512.0,74300.0,74320.0,76,76,10,10,6332,2256
5,181920,1334,Aleatorio,HilllClimbing,true,false,false,false,78,true,true,Basica,-61636.0,-70108.0,12664.0,4472.0,74300.0,74580.0,76,76,10,10,6332,2236
5,181920,1388,Aleatorio,HilllClimbing,true,false,false,false,66,true,true,Avanzada,-60626.0,-68778.0,12664.0,4512.0,74300.0,74320.0,76,76,10,10,6332,2256
5,181920,1302,Aleatorio,HilllClimbing,true,false,false,false,78,true,true,Basica,-61636.0,-70108.0,12664.0,4472.0,74300.0,74580.0,76,76,10,10,6332,2236
5,181920,1458,Aleatorio,HilllClimbing,true,false,false,false,66,true,true,Avanzada,-60626.0,-68778.0,12664.0,4512.0,74300.0,74320.0,76,76,10,10,6332,2256
5,181920,1272,Aleatorio,HilllClimbing,true,false,false,false,78,true,true,Basica,-61636.0,-70108.0,12664.0,4472.0,74300.0,74580.0,76,76,10,10,6332,2236
5,181920,1386,Aleatorio,HilllClimbing,true,false,false,false,66,true,true,Avanzada,-60626.0,-68778.0,12664.0,4512.0,74300.0,74320.0,76,76,10,10,6332,2256
5,181920,1282,Aleatorio,HilllClimbing,true,false,false,false,78,true,true,Basica,-61636.0,-70108.0,12664.0,4472.0,74300.0,74580.0,76,76,10,10,6332,2236
5,181920,1455,Aleatorio,HilllClimbing,true,false,false,false,66,true,true,Avanzada,-60626.0,-68778.0,12664.0,4512.0,74300.0,74320.0,76,76,10,10,6332,2256
5,181920,1287,Aleatorio,HilllClimbing,true,false,false,false,78,true,true,Basica,-61636.0,-70108.0,12664.0,4472.0,74300.0,74580.0,76,76,10,10,6332,2236
5,181920,5,Aleatorio,HilllClimbing,false,true,false,false,2,true,true,Avanzada,-60626.0,-61626.0,12664.0,12664.0,74300.0,75220.0,76,77,10,10,6332,6332
5,181920,8,Aleatorio,HilllClimbing,false,true,false,false,2,true,true,Basica,-61636.0,-62556.0,12664.0,12664.0,74300.0,75220.0,76,77,10,10,6332,6332
5,181920,6,Aleatorio,HilllClimbing,false,true,false,false,2,true,true,Avanzada,-60626.0,-61626.0,12664.0,12664.0,74300.0,75220.0,76,77,10,10,6332,6332
5,181920,5,Aleatorio,HilllClimbing,false,true,false,false,2,true,true,Basica,-61636.0,-62556.0,12664.0,12664.0,74300.0,75220.0,76,77,10,10,6332,6332
5,181920,8,Aleatorio,HilllClimbing,false,true,false,false,2,true,true,Avanzada,-60626.0,-61626.0,12664.0,12664.0,74300.0,75220.0,76,77,10,10,6332,6332
5,181920,8,Aleatorio,HilllClimbing,false,true,false,false,2,true,true,Basica,-61636.0,-62556.0,12664.0,12664.0,74300.0,75220.0,76,77,10,10,6332,6332
5,181920,8,Aleatorio,HilllClimbing,false,true,false,false,2,true,true,Avanzada,-60626.0,-61626.0,12664.0,12664.0,74300.0,75220.0,76,77,10,10,6332,6332
5,181920,7,Aleatorio,HilllClimbing,false,true,false,false,2,true,true,Basica,-61636.0,-62556.0,12664.0,12664.0,74300.0,75220.0,76,77,10,10,6332,6332
5,181920,9,Aleatorio,HilllClimbing,false,true,false,false,2,true,true,Avanzada,-60626.0,-61626.0,12664.0,12664.0,74300.0,75220.0,76,77,10,10,6332,6332
5,181920,6,Aleatorio,HilllClimbing,false,true,false,false,2,true,true,Basica,-61636.0,-62556.0,12664.0,12664.0,74300.0,75220.0,76,77,10,10,6332,6332
5,181920,64,Aleatorio,HilllClimbing,false,false,true,false,24,true,true,Avanzada,-60626.0,-64550.0,12664.0,8740.0,74300.0,74300.0,76,76,10,10,6332,4370
5,181920,49,Aleatorio,HilllClimbing,false,false,true,false,24,true,true,Basica,-61636.0,-65560.0,12664.0,8740.0,74300.0,74300.0,76,76,10,10,6332,4370
5,181920,60,Aleatorio,HilllClimbing,false,false,true,false,24,true,true,Avanzada,-60626.0,-64550.0,12664.0,8740.0,74300.0,74300.0,76,76,10,10,6332,4370
5,181920,48,Aleatorio,HilllClimbing,false,false,true,false,24,true,true,Basica,-61636.0,-65560.0,12664.0,8740.0,74300.0,74300.0,76,76,10,10,6332,4370
5,181920,58,Aleatorio,HilllClimbing,false,false,true,false,24,true,true,Avanzada,-60626.0,-64550.0,12664.0,8740.0,74300.0,74300.0,76,76,10,10,6332,4370
5,181920,47,Aleatorio,HilllClimbing,false,false,true,false,24,true,true,Basica,-61636.0,-65560.0,12664.0,8740.0,74300.0,74300.0,76,76,10,10,6332,4370
5,181920,61,Aleatorio,HilllClimbing,false,false,true,false,24,true,true,Avanzada,-60626.0,-64550.0,12664.0,8740.0,74300.0,74300.0,76,76,10,10,6332,4370
5,181920,48,Aleatorio,HilllClimbing,false,false,true,false,24,true,true,Basica,-61636.0,-65560.0,12664.0,8740.0,74300.0,74300.0,76,76,10,10,6332,4370
5,181920,58,Aleatorio,HilllClimbing,false,false,true,false,24,true,true,Avanzada,-60626.0,-64550.0,12664.0,8740.0,74300.0,74300.0,76,76,10,10,6332,4370
5,181920,49,Aleatorio,HilllClimbing,false,false,true,false,24,true,true,Basica,-61636.0,-65560.0,12664.0,8740.0,74300.0,74300.0,76,76,10,10,6332,4370
5,181920,1933,Aleatorio,HilllClimbing,true,false,true,true,74,true,true,Avanzada,-60626.0,-69698.0,12664.0,3592.0,74300.0,74190.0,76,76,10,10,6332,1796
5,181920,1408,Aleatorio,HilllClimbing,true,false,true,true,70,true,true,Basica,-61636.0,-70742.0,12664.0,3848.0,74300.0,74590.0,76,76,10,10,6332,1924
5,181920,1742,Aleatorio,HilllClimbing,true,false,true,true,74,true,true,Avanzada,-60626.0,-69698.0,12664.0,3592.0,74300.0,74190.0,76,76,10,10,6332,1796
5,181920,1272,Aleatorio,HilllClimbing,true,false,true,true,70,true,true,Basica,-61636.0,-70742.0,12664.0,3848.0,74300.0,74590.0,76,76,10,10,6332,1924
5,181920,2079,Aleatorio,HilllClimbing,true,false,true,true,74,true,true,Avanzada,-60626.0,-69698.0,12664.0,3592.0,74300.0,74190.0,76,76,10,10,6332,1796
5,181920,1304,Aleatorio,HilllClimbing,true,false,true,true,70,true,true,Basica,-61636.0,-70742.0,12664.0,3848.0,74300.0,74590.0,76,76,10,10,6332,1924
5,181920,1923,Aleatorio,HilllClimbing,true,false,true,true,74,true,true,Avanzada,-60626.0,-69698.0,12664.0,3592.0,74300.0,74190.0,76,76,10,10,6332,1796
5,181920,1530,Aleatorio,HilllClimbing,true,false,true,true,70,true,true,Basica,-61636.0,-70742.0,12664.0,3848.0,74300.0,74590.0,76,76,10,10,6332,1924
5,181920,1842,Aleatorio,HilllClimbing,true,false,true,true,74,true,true,Avanzada,-60626.0,-69698.0,12664.0,3592.0,74300.0,74190.0,76,76,10,10,6332,1796
5,181920,1323,Aleatorio,HilllClimbing,true,false,true,true,70,true,true,Basica,-61636.0,-70742.0,12664.0,3848.0,74300.0,74590.0,76,76,10,10,6332,1924
5,181920,170,Aleatorio,HilllClimbing,false,true,true,true,50,true,true,Avanzada,-60626.0,-84654.0,12664.0,10636.0,74300.0,95770.0,76,98,10,10,6332,5318
5,181920,191,Aleatorio,HilllClimbing,false,true,true,true,50,true,true,Basica,-61636.0,-85194.0,12664.0,10616.0,74300.0,95810.0,76,98,10,10,6332,5308
5,181920,216,Aleatorio,HilllClimbing,false,true,true,true,50,true,true,Avanzada,-60626.0,-84654.0,12664.0,10636.0,74300.0,95770.0,76,98,10,10,6332,5318
5,181920,181,Aleatorio,HilllClimbing,false,true,true,true,50,true,true,Basica,-61636.0,-85194.0,12664.0,10616.0,74300.0,95810.0,76,98,10,10,6332,5308
5,181920,176,Aleatorio,HilllClimbing,false,true,true,true,50,true,true,Avanzada,-60626.0,-84654.0,12664.0,10636.0,74300.0,95770.0,76,98,10,10,6332,5318
5,181920,158,Aleatorio,HilllClimbing,false,true,true,true,50,true,true,Basica,-61636.0,-85194.0,12664.0,10616.0,74300.0,95810.0,76,98,10,10,6332,5308
5,181920,222,Aleatorio,HilllClimbing,false,true,true,true,50,true,true,Avanzada,-60626.0,-84654.0,12664.0,10636.0,74300.0,95770.0,76,98,10,10,6332,5318
5,181920,177,Aleatorio,HilllClimbing,false,true,true,true,50,true,true,Basica,-61636.0,-85194.0,12664.0,10616.0,74300.0,95810.0,76,98,10,10,6332,5308
5,181920,197,Aleatorio,HilllClimbing,false,true,true,true,50,true,true,Avanzada,-60626.0,-84654.0,12664.0,10636.0,74300.0,95770.0,76,98,10,10,6332,5318
5,181920,170,Aleatorio,HilllClimbing,false,true,true,true,50,true,true,Basica,-61636.0,-85194.0,12664.0,10616.0,74300.0,95810.0,76,98,10,10,6332,5308
5,181920,1633,Aleatorio,HilllClimbing,true,true,false,false,90,true,true,Avanzada,-60626.0,-90550.0,12664.0,6740.0,74300.0,97550.0,76,100,10,10,6332,3370
5,181920,1440,Aleatorio,HilllClimbing,true,true,false,false,91,true,true,Basica,-61636.0,-91126.0,12664.0,6884.0,74300.0,98010.0,76,100,10,10,6332,3442
5,181920,1796,Aleatorio,HilllClimbing,true,true,false,false,90,true,true,Avanzada,-60626.0,-90550.0,12664.0,6740.0,74300.0,97550.0,76,100,10,10,6332,3370
5,181920,1433,Aleatorio,HilllClimbing,true,true,false,false,91,true,true,Basica,-61636.0,-91126.0,12664.0,6884.0,74300.0,98010.0,76,100,10,10,6332,3442
5,181920,1620,Aleatorio,HilllClimbing,true,true,false,false,90,true,true,Avanzada,-60626.0,-90550.0,12664.0,6740.0,74300.0,97550.0,76,100,10,10,6332,3370
5,181920,1651,Aleatorio,HilllClimbing,true,true,false,false,91,true,true,Basica,-61636.0,-91126.0,12664.0,6884.0,74300.0,98010.0,76,100,10,10,6332,3442
5,181920,1616,Aleatorio,HilllClimbing,true,true,false,false,90,true,true,Avanzada,-60626.0,-90550.0,12664.0,6740.0,74300.0,97550.0,76,100,10,10,6332,3370
5,181920,1435,Aleatorio,HilllClimbing,true,true,false,false,91,true,true,Basica,-61636.0,-91126.0,12664.0,6884.0,74300.0,98010.0,76,100,10,10,6332,3442
5,181920,1774,Aleatorio,HilllClimbing,true,true,false,false,90,true,true,Avanzada,-60626.0,-90550.0,12664.0,6740.0,74300.0,97550.0,76,100,10,10,6332,3370
5,181920,1472,Aleatorio,HilllClimbing,true,true,false,false,91,true,true,Basica,-61636.0,-91126.0,12664.0,6884.0,74300.0,98010.0,76,100,10,10,6332,3442
5,181920,1884,Aleatorio,HilllClimbing,true,true,true,true,93,true,true,Avanzada,-60626.0,-91062.0,12664.0,6228.0,74300.0,97550.0,76,100,10,10,6332,3114
5,181920,1838,Aleatorio,HilllClimbing,true,true,true,true,92,true,true,Basica,-61636.0,-91614.0,12664.0,6296.0,74300.0,97910.0,76,100,10,10,6332,3148
5,181920,1920,Aleatorio,HilllClimbing,true,true,true,true,93,true,true,Avanzada,-60626.0,-91062.0,12664.0,6228.0,74300.0,97550.0,76,100,10,10,6332,3114
5,181920,1693,Aleatorio,HilllClimbing,true,true,true,true,92,true,true,Basica,-61636.0,-91614.0,12664.0,6296.0,74300.0,97910.0,76,100,10,10,6332,3148
5,181920,2136,Aleatorio,HilllClimbing,true,true,true,true,93,true,true,Avanzada,-60626.0,-91062.0,12664.0,6228.0,74300.0,97550.0,76,100,10,10,6332,3114
5,181920,1657,Aleatorio,HilllClimbing,true,true,true,true,92,true,true,Basica,-61636.0,-91614.0,12664.0,6296.0,74300.0,97910.0,76,100,10,10,6332,3148
5,181920,1884,Aleatorio,HilllClimbing,true,true,true,true,93,true,true,Avanzada,-60626.0,-91062.0,12664.0,6228.0,74300.0,97550.0,76,100,10,10,6332,3114
5,181920,2114,Aleatorio,HilllClimbing,true,true,true,true,92,true,true,Basica,-61636.0,-91614.0,12664.0,6296.0,74300.0,97910.0,76,100,10,10,6332,3148
5,181920,1881,Aleatorio,HilllClimbing,true,true,true,true,93,true,true,Avanzada,-60626.0,-91062.0,12664.0,6228.0,74300.0,97550.0,76,100,10,10,6332,3114
5,181920,1737,Aleatorio,HilllClimbing,true,true,true,true,92,true,true,Basica,-61636.0,-91614.0,12664.0,6296.0,74300.0,97910.0,76,100,10,10,6332,3148
6,2134565223,1511,Aleatorio,HilllClimbing,true,false,false,false,71,true,true,Avanzada,-66066.0,-74682.0,12524.0,3908.0,79470.0,79450.0,81,81,10,10,6262,1954
6,2134565223,1409,Aleatorio,HilllClimbing,true,false,false,false,83,true,true,Basica,-66946.0,-76088.0,12524.0,3712.0,79470.0,79800.0,81,81,10,10,6262,1856
6,2134565223,1489,Aleatorio,HilllClimbing,true,false,false,false,71,true,true,Avanzada,-66066.0,-74682.0,12524.0,3908.0,79470.0,79450.0,81,81,10,10,6262,1954
6,2134565223,1504,Aleatorio,HilllClimbing,true,false,false,false,83,true,true,Basica,-66946.0,-76088.0,12524.0,3712.0,79470.0,79800.0,81,81,10,10,6262,1856
6,2134565223,1482,Aleatorio,HilllClimbing,true,false,false,false,71,true,true,Avanzada,-66066.0,-74682.0,12524.0,3908.0,79470.0,79450.0,81,81,10,10,6262,1954
6,2134565223,1368,Aleatorio,HilllClimbing,true,false,false,false,83,true,true,Basica,-66946.0,-76088.0,12524.0,3712.0,79470.0,79800.0,81,81,10,10,6262,1856
6,2134565223,1662,Aleatorio,HilllClimbing,true,false,false,false,71,true,true,Avanzada,-66066.0,-74682.0,12524.0,3908.0,79470.0,79450.0,81,81,10,10,6262,1954
6,2134565223,1410,Aleatorio,HilllClimbing,true,false,false,false,83,true,true,Basica,-66946.0,-76088.0,12524.0,3712.0,79470.0,79800.0,81,81,10,10,6262,1856
6,2134565223,1519,Aleatorio,HilllClimbing,true,false,false,false,71,true,true,Avanzada,-66066.0,-74682.0,12524.0,3908.0,79470.0,79450.0,81,81,10,10,6262,1954
6,2134565223,1377,Aleatorio,HilllClimbing,true,false,false,false,83,true,true,Basica,-66946.0,-76088.0,12524.0,3712.0,79470.0,79800.0,81,81,10,10,6262,1856
6,2134565223,7,Aleatorio,HilllClimbing,false,true,false,false,3,true,true,Avanzada,-66066.0,-68050.0,12524.0,12540.0,79470.0,81380.0,81,83,10,10,6262,6270
6,2134565223,11,Aleatorio,HilllClimbing,false,true,false,false,3,true,true,Basica,-66946.0,-68902.0,12524.0,12548.0,79470.0,81450.0,81,83,10,10,6262,6274
6,2134565223,9,Aleatorio,HilllClimbing,false,true,false,false,3,true,true,Avanzada,-66066.0,-68050.0,12524.0,12540.0,79470.0,81380.0,81,83,10,10,6262,6270
6,2134565223,9,Aleatorio,HilllClimbing,false,true,false,false,3,true,true,Basica,-66946.0,-68902.0,12524.0,12548.0,79470.0,81450.0,81,83,10,10,6262,6274
6,2134565223,13,Aleatorio,HilllClimbing,false,true,false,false,3,true,true,Avanzada,-66066.0,-68050.0,12524.0,12540.0,79470.0,81380.0,81,83,10,10,6262,6270
6,2134565223,13,Aleatorio,HilllClimbing,false,true,false,false,3,true,true,Basica,-66946.0,-68902.0,12524.0,12548.0,79470.0,81450.0,81,83,10,10,6262,6274
6,2134565223,12,Aleatorio,HilllClimbing,false,true,false,false,3,true,true,Avanzada,-66066.0,-68050.0,12524.0,12540.0,79470.0,81380.0,81,83,10,10,6262,6270
6,2134565223,13,Aleatorio,HilllClimbing,false,true,false,false,3,true,true,Basica,-66946.0,-68902.0,12524.0,12548.0,79470.0,81450.0,81,83,10,10,6262,6274
6,2134565223,15,Aleatorio,HilllClimbing,false,true,false,false,3,true,true,Avanzada,-66066.0,-68050.0,12524.0,12540.0,79470.0,81380.0,81,83,10,10,6262,6270
6,2134565223,10,Aleatorio,HilllClimbing,false,true,false,false,3,true,true,Basica,-66946.0,-68902.0,12524.0,12548.0,79470.0,81450.0,81,83,10,10,6262,6274
6,2134565223,89,Aleatorio,HilllClimbing,false,false,true,false,34,true,true,Avanzada,-66066.0,-68678.0,12524.0,9912.0,79470.0,79470.0,81,81,10,10,6262,4956
6,2134565223,76,Aleatorio,HilllClimbing,false,false,true,false,34,true,true,Basica,-66946.0,-69558.0,12524.0,9912.0,79470.0,79470.0,81,81,10,10,6262,4956
6,2134565223,103,Aleatorio,HilllClimbing,false,false,true,false,34,true,true,Avanzada,-66066.0,-68678.0,12524.0,9912.0,79470.0,79470.0,81,81,10,10,6262,4956
6,2134565223,79,Aleatorio,HilllClimbing,false,false,true,false,34,true,true,Basica,-66946.0,-69558.0,12524.0,9912.0,79470.0,79470.0,81,81,10,10,6262,4956
6,2134565223,93,Aleatorio,HilllClimbing,false,false,true,false,34,true,true,Avanzada,-66066.0,-68678.0,12524.0,9912.0,79470.0,79470.0,81,81,10,10,6262,4956
6,2134565223,78,Aleatorio,HilllClimbing,false,false,true,false,34,true,true,Basica,-66946.0,-69558.0,12524.0,9912.0,79470.0,79470.0,81,81,10,10,6262,4956
6,2134565223,96,Aleatorio,HilllClimbing,false,false,true,false,34,true,true,Avanzada,-66066.0,-68678.0,12524.0,9912.0,79470.0,79470.0,81,81,10,10,6262,4956
6,2134565223,87,Aleatorio,HilllClimbing,false,false,true,false,34,true,true,Basica,-66946.0,-69558.0,12524.0,9912.0,79470.0,79470.0,81,81,10,10,6262,4956
6,2134565223,91,Aleatorio,HilllClimbing,false,false,true,false,34,true,true,Avanzada,-66066.0,-68678.0,12524.0,9912.0,79470.0,79470.0,81,81,10,10,6262,4956
6,2134565223,68,Aleatorio,HilllClimbing,false,false,true,false,34,true,true,Basica,-66946.0,-69558.0,12524.0,9912.0,79470.0,79470.0,81,81,10,10,6262,4956
6,2134565223,1818,Aleatorio,HilllClimbing,true,false,true,true,77,true,true,Avanzada,-66066.0,-75366.0,12524.0,3224.0,79470.0,79440.0,81,81,10,10,6262,1612
6,2134565223,1483,Aleatorio,HilllClimbing,true,false,true,true,80,true,true,Basica,-66946.0,-76456.0,12524.0,3424.0,79470.0,79880.0,81,81,10,10,6262,1712
6,2134565223,2059,Aleatorio,HilllClimbing,true,false,true,true,77,true,true,Avanzada,-66066.0,-75366.0,12524.0,3224.0,79470.0,79440.0,81,81,10,10,6262,1612
6,2134565223,1563,Aleatorio,HilllClimbing,true,false,true,true,80,true,true,Basica,-66946.0,-76456.0,12524.0,3424.0,79470.0,79880.0,81,81,10,10,6262,1712
6,2134565223,1875,Aleatorio,HilllClimbing,true,false,true,true,77,true,true,Avanzada,-66066.0,-75366.0,12524.0,3224.0,79470.0,79440.0,81,81,10,10,6262,1612
6,2134565223,1795,Aleatorio,HilllClimbing,true,false,true,true,80,true,true,Basica,-66946.0,-76456.0,12524.0,3424.0,79470.0,79880.0,81,81,10,10,6262,1712
6,2134565223,1808,Aleatorio,HilllClimbing,true,false,true,true,77,true,true,Avanzada,-66066.0,-75366.0,12524.0,3224.0,79470.0,79440.0,81,81,10,10,6262,1612
6,2134565223,1491,Aleatorio,HilllClimbing,true,false,true,true,80,true,true,Basica,-66946.0,-76456.0,12524.0,3424.0,79470.0,79880.0,81,81,10,10,6262,1712
6,2134565223,2155,Aleatorio,HilllClimbing,true,false,true,true,77,true,true,Avanzada,-66066.0,-75366.0,12524.0,3224.0,79470.0,79440.0,81,81,10,10,6262,1612
6,2134565223,1472,Aleatorio,HilllClimbing,true,false,true,true,80,true,true,Basica,-66946.0,-76456.0,12524.0,3424.0,79470.0,79880.0,81,81,10,10,6262,1712
6,2134565223,124,Aleatorio,HilllClimbing,false,true,true,true,44,true,true,Avanzada,-66066.0,-85466.0,12524.0,11124.0,79470.0,97070.0,81,99,10,10,6262,5562
6,2134565223,131,Aleatorio,HilllClimbing,false,true,true,true,50,true,true,Basica,-66946.0,-85352.0,12524.0,10808.0,79470.0,96160.0,81,98,10,10,6262,5404
6,2134565223,121,Aleatorio,HilllClimbing,false,true,true,true,44,true,true,Avanzada,-66066.0,-85466.0,12524.0,11124.0,79470.0,97070.0,81,99,10,10,6262,5562
6,2134565223,131,Aleatorio,HilllClimbing,false,true,true,true,50,true,true,Basica,-66946.0,-85352.0,12524.0,10808.0,79470.0,96160.0,81,98,10,10,6262,5404
6,2134565223,118,Aleatorio,HilllClimbing,false,true,true,true,44,true,true,Avanzada,-66066.0,-85466.0,12524.0,11124.0,79470.0,97070.0,81,99,10,10,6262,5562
6,2134565223,131,Aleatorio,HilllClimbing,false,true,true,true,50,true,true,Basica,-66946.0,-85352.0,12524.0,10808.0,79470.0,96160.0,81,98,10,10,6262,5404
6,2134565223,119,Aleatorio,HilllClimbing,false,true,true,true,44,true,true,Avanzada,-66066.0,-85466.0,12524.0,11124.0,79470.0,97070.0,81,99,10,10,6262,5562
6,2134565223,129,Aleatorio,HilllClimbing,false,true,true,true,50,true,true,Basica,-66946.0,-85352.0,12524.0,10808.0,79470.0,96160.0,81,98,10,10,6262,5404
6,2134565223,121,Aleatorio,HilllClimbing,false,true,true,true,44,true,true,Avanzada,-66066.0,-85466.0,12524.0,11124.0,79470.0,97070.0,81,99,10,10,6262,5562
6,2134565223,131,Aleatorio,HilllClimbing,false,true,true,true,50,true,true,Basica,-66946.0,-85352.0,12524.0,10808.0,79470.0,96160.0,81,98,10,10,6262,5404
6,2134565223,2363,Aleatorio,HilllClimbing,true,true,false,false,100,true,true,Avanzada,-66066.0,-92306.0,12524.0,5284.0,79470.0,98040.0,81,100,10,10,6262,2642
6,2134565223,1608,Aleatorio,HilllClimbing,true,true,false,false,94,true,true,Basica,-66946.0,-92810.0,12524.0,5520.0,79470.0,98330.0,81,100,10,10,6262,2760
6,2134565223,2224,Aleatorio,HilllClimbing,true,true,false,false,100,true,true,Avanzada,-66066.0,-92306.0,12524.0,5284.0,79470.0,98040.0,81,100,10,10,6262,2642
6,2134565223,1733,Aleatorio,HilllClimbing,true,true,false,false,94,true,true,Basica,-66946.0,-92810.0,12524.0,5520.0,79470.0,98330.0,81,100,10,10,6262,2760
6,2134565223,1982,Aleatorio,HilllClimbing,true,true,false,false,100,true,true,Avanzada,-66066.0,-92306.0,12524.0,5284.0,79470.0,98040.0,81,100,10,10,6262,2642
6,2134565223,1733,Aleatorio,HilllClimbing,true,true,false,false,94,true,true,Basica,-66946.0,-92810.0,12524.0,5520.0,79470.0,98330.0,81,100,10,10,6262,2760
6,2134565223,2100,Aleatorio,HilllClimbing,true,true,false,false,100,true,true,Avanzada,-66066.0,-92306.0,12524.0,5284.0,79470.0,98040.0,81,100,10,10,6262,2642
6,2134565223,1683,Aleatorio,HilllClimbing,true,true,false,false,94,true,true,Basica,-66946.0,-92810.0,12524.0,5520.0,79470.0,98330.0,81,100,10,10,6262,2760
6,2134565223,2251,Aleatorio,HilllClimbing,true,true,false,false,100,true,true,Avanzada,-66066.0,-92306.0,12524.0,5284.0,79470.0,98040.0,81,100,10,10,6262,2642
6,2134565223,1619,Aleatorio,HilllClimbing,true,true,false,false,94,true,true,Basica,-66946.0,-92810.0,12524.0,5520.0,79470.0,98330.0,81,100,10,10,6262,2760
6,2134565223,2624,Aleatorio,HilllClimbing,true,true,true,true,109,true,true,Avanzada,-66066.0,-93086.0,12524.0,4504.0,79470.0,97980.0,81,100,10,10,6262,2252
6,2134565223,2067,Aleatorio,HilllClimbing,true,true,true,true,97,true,true,Basica,-66946.0,-93548.0,12524.0,4712.0,79470.0,98260.0,81,100,10,10,6262,2356
6,2134565223,2970,Aleatorio,HilllClimbing,true,true,true,true,109,true,true,Avanzada,-66066.0,-93086.0,12524.0,4504.0,79470.0,97980.0,81,100,10,10,6262,2252
6,2134565223,2196,Aleatorio,HilllClimbing,true,true,true,true,97,true,true,Basica,-66946.0,-93548.0,12524.0,4712.0,79470.0,98260.0,81,100,10,10,6262,2356
6,2134565223,2538,Aleatorio,HilllClimbing,true,true,true,true,109,true,true,Avanzada,-66066.0,-93086.0,12524.0,4504.0,79470.0,97980.0,81,100,10,10,6262,2252
6,2134565223,2018,Aleatorio,HilllClimbing,true,true,true,true,97,true,true,Basica,-66946.0,-93548.0,12524.0,4712.0,79470.0,98260.0,81,100,10,10,6262,2356
6,2134565223,2631,Aleatorio,HilllClimbing,true,true,true,true,109,true,true,Avanzada,-66066.0,-93086.0,12524.0,4504.0,79470.0,97980.0,81,100,10,10,6262,2252
6,2134565223,2103,Aleatorio,HilllClimbing,true,true,true,true,97,true,true,Basica,-66946.0,-93548.0,12524.0,4712.0,79470.0,98260.0,81,100,10,10,6262,2356
6,2134565223,2538,Aleatorio,HilllClimbing,true,true,true,true,109,true,true,Avanzada,-66066.0,-93086.0,12524.0,4504.0,79470.0,97980.0,81,100,10,10,6262,2252
6,2134565223,2009,Aleatorio,HilllClimbing,true,true,true,true,97,true,true,Basica,-66946.0,-93548.0,12524.0,4712.0,79470.0,98260.0,81,100,10,10,6262,2356
7,242526,1690,Aleatorio,HilllClimbing,true,false,false,false,66,true,true,Avanzada,-58036.0,-66604.0,12564.0,3996.0,71470.0,71660.0,73,73,10,10,6282,1998
7,242526,1191,Aleatorio,HilllClimbing,true,false,false,false,67,true,true,Basica,-58906.0,-68028.0,12564.0,3872.0,71470.0,71900.0,73,73,10,10,6282,1936
7,242526,1577,Aleatorio,HilllClimbing,true,false,false,false,66,true,true,Avanzada,-58036.0,-66604.0,12564.0,3996.0,71470.0,71660.0,73,73,10,10,6282,1998
7,242526,1182,Aleatorio,HilllClimbing,true,false,false,false,67,true,true,Basica,-58906.0,-68028.0,12564.0,3872.0,71470.0,71900.0,73,73,10,10,6282,1936
7,242526,1546,Aleatorio,HilllClimbing,true,false,false,false,66,true,true,Avanzada,-58036.0,-66604.0,12564.0,3996.0,71470.0,71660.0,73,73,10,10,6282,1998
7,242526,1184,Aleatorio,HilllClimbing,true,false,false,false,67,true,true,Basica,-58906.0,-68028.0,12564.0,3872.0,71470.0,71900.0,73,73,10,10,6282,1936
7,242526,1601,Aleatorio,HilllClimbing,true,false,false,false,66,true,true,Avanzada,-58036.0,-66604.0,12564.0,3996.0,71470.0,71660.0,73,73,10,10,6282,1998
7,242526,1199,Aleatorio,HilllClimbing,true,false,false,false,67,true,true,Basica,-58906.0,-68028.0,12564.0,3872.0,71470.0,71900.0,73,73,10,10,6282,1936
7,242526,1619,Aleatorio,HilllClimbing,true,false,false,false,66,true,true,Avanzada,-58036.0,-66604.0,12564.0,3996.0,71470.0,71660.0,73,73,10,10,6282,1998
7,242526,1156,Aleatorio,HilllClimbing,true,false,false,false,67,true,true,Basica,-58906.0,-68028.0,12564.0,3872.0,71470.0,71900.0,73,73,10,10,6282,1936
7,242526,8,Aleatorio,HilllClimbing,false,true,false,false,2,true,true,Avanzada,-58036.0,-59036.0,12564.0,12564.0,71470.0,72460.0,73,74,10,10,6282,6282
7,242526,10,Aleatorio,HilllClimbing,false,true,false,false,2,true,true,Basica,-58906.0,-59896.0,12564.0,12564.0,71470.0,72460.0,73,74,10,10,6282,6282
7,242526,10,Aleatorio,HilllClimbing,false,true,false,false,2,true,true,Avanzada,-58036.0,-59036.0,12564.0,12564.0,71470.0,72460.0,73,74,10,10,6282,6282
7,242526,8,Aleatorio,HilllClimbing,false,true,false,false,2,true,true,Basica,-58906.0,-59896.0,12564.0,12564.0,71470.0,72460.0,73,74,10,10,6282,6282
7,242526,9,Aleatorio,HilllClimbing,false,true,false,false,2,true,true,Avanzada,-58036.0,-59036.0,12564.0,12564.0,71470.0,72460.0,73,74,10,10,6282,6282
7,242526,7,Aleatorio,HilllClimbing,false,true,false,false,2,true,true,Basica,-58906.0,-59896.0,12564.0,12564.0,71470.0,72460.0,73,74,10,10,6282,6282
7,242526,9,Aleatorio,HilllClimbing,false,true,false,false,2,true,true,Avanzada,-58036.0,-59036.0,12564.0,12564.0,71470.0,72460.0,73,74,10,10,6282,6282
7,242526,10,Aleatorio,HilllClimbing,false,true,false,false,2,true,true,Basica,-58906.0,-59896.0,12564.0,12564.0,71470.0,72460.0,73,74,10,10,6282,6282
7,242526,9,Aleatorio,HilllClimbing,false,true,false,false,2,true,true,Avanzada,-58036.0,-59036.0,12564.0,12564.0,71470.0,72460.0,73,74,10,10,6282,6282
7,242526,9,Aleatorio,HilllClimbing,false,true,false,false,2,true,true,Basica,-58906.0,-59896.0,12564.0,12564.0,71470.0,72460.0,73,74,10,10,6282,6282
7,242526,70,Aleatorio,HilllClimbing,false,false,true,false,27,true,true,Avanzada,-58036.0,-61248.0,12564.0,9352.0,71470.0,71470.0,73,73,10,9,6282,4676
7,242526,50,Aleatorio,HilllClimbing,false,false,true,false,27,true,true,Basica,-58906.0,-62118.0,12564.0,9352.0,71470.0,71470.0,73,73,10,9,6282,4676
7,242526,62,Aleatorio,HilllClimbing,false,false,true,false,27,true,true,Avanzada,-58036.0,-61248.0,12564.0,9352.0,71470.0,71470.0,73,73,10,9,6282,4676
7,242526,50,Aleatorio,HilllClimbing,false,false,true,false,27,true,true,Basica,-58906.0,-62118.0,12564.0,9352.0,71470.0,71470.0,73,73,10,9,6282,4676
7,242526,88,Aleatorio,HilllClimbing,false,false,true,false,27,true,true,Avanzada,-58036.0,-61248.0,12564.0,9352.0,71470.0,71470.0,73,73,10,9,6282,4676
7,242526,60,Aleatorio,HilllClimbing,false,false,true,false,27,true,true,Basica,-58906.0,-62118.0,12564.0,9352.0,71470.0,71470.0,73,73,10,9,6282,4676
7,242526,72,Aleatorio,HilllClimbing,false,false,true,false,27,true,true,Avanzada,-58036.0,-61248.0,12564.0,9352.0,71470.0,71470.0,73,73,10,9,6282,4676
7,242526,60,Aleatorio,HilllClimbing,false,false,true,false,27,true,true,Basica,-58906.0,-62118.0,12564.0,9352.0,71470.0,71470.0,73,73,10,9,6282,4676
7,242526,82,Aleatorio,HilllClimbing,false,false,true,false,27,true,true,Avanzada,-58036.0,-61248.0,12564.0,9352.0,71470.0,71470.0,73,73,10,9,6282,4676
7,242526,57,Aleatorio,HilllClimbing,false,false,true,false,27,true,true,Basica,-58906.0,-62118.0,12564.0,9352.0,71470.0,71470.0,73,73,10,9,6282,4676
7,242526,2227,Aleatorio,HilllClimbing,true,false,true,true,78,true,true,Avanzada,-58036.0,-67548.0,12564.0,3052.0,71470.0,71680.0,73,73,10,10,6282,1526
7,242526,1580,Aleatorio,HilllClimbing,true,false,true,true,76,true,true,Basica,-58906.0,-68764.0,12564.0,3156.0,71470.0,71920.0,73,73,10,10,6282,1578
7,242526,2215,Aleatorio,HilllClimbing,true,false,true,true,78,true,true,Avanzada,-58036.0,-67548.0,12564.0,3052.0,71470.0,71680.0,73,73,10,10,6282,1526
7,242526,1538,Aleatorio,HilllClimbing,true,false,true,true,76,true,true,Basica,-58906.0,-68764.0,12564.0,3156.0,71470.0,71920.0,73,73,10,10,6282,1578
7,242526,2203,Aleatorio,HilllClimbing,true,false,true,true,78,true,true,Avanzada,-58036.0,-67548.0,12564.0,3052.0,71470.0,71680.0,73,73,10,10,6282,1526
7,242526,1574,Aleatorio,HilllClimbing,true,false,true,true,76,true,true,Basica,-58906.0,-68764.0,12564.0,3156.0,71470.0,71920.0,73,73,10,10,6282,1578
7,242526,2209,Aleatorio,HilllClimbing,true,false,true,true,78,true,true,Avanzada,-58036.0,-67548.0,12564.0,3052.0,71470.0,71680.0,73,73,10,10,6282,1526
7,242526,1546,Aleatorio,HilllClimbing,true,false,true,true,76,true,true,Basica,-58906.0,-68764.0,12564.0,3156.0,71470.0,71920.0,73,73,10,10,6282,1578
7,242526,2241,Aleatorio,HilllClimbing,true,false,true,true,78,true,true,Avanzada,-58036.0,-67548.0,12564.0,3052.0,71470.0,71680.0,73,73,10,10,6282,1526
7,242526,1661,Aleatorio,HilllClimbing,true,false,true,true,76,true,true,Basica,-58906.0,-68764.0,12564.0,3156.0,71470.0,71920.0,73,73,10,10,6282,1578
7,242526,172,Aleatorio,HilllClimbing,false,true,true,true,46,true,true,Avanzada,-58036.0,-82820.0,12564.0,10780.0,71470.0,94160.0,73,96,10,10,6282,5390
7,242526,165,Aleatorio,HilllClimbing,false,true,true,true,46,true,true,Basica,-58906.0,-83390.0,12564.0,10780.0,71470.0,94170.0,73,96,10,10,6282,5390
7,242526,173,Aleatorio,HilllClimbing,false,true,true,true,46,true,true,Avanzada,-58036.0,-82820.0,12564.0,10780.0,71470.0,94160.0,73,96,10,10,6282,5390
7,242526,162,Aleatorio,HilllClimbing,false,true,true,true,46,true,true,Basica,-58906.0,-83390.0,12564.0,10780.0,71470.0,94170.0,73,96,10,10,6282,5390
7,242526,172,Aleatorio,HilllClimbing,false,true,true,true,46,true,true,Avanzada,-58036.0,-82820.0,12564.0,10780.0,71470.0,94160.0,73,96,10,10,6282,5390
7,242526,154,Aleatorio,HilllClimbing,false,true,true,true,46,true,true,Basica,-58906.0,-83390.0,12564.0,10780.0,71470.0,94170.0,73,96,10,10,6282,5390
7,242526,173,Aleatorio,HilllClimbing,false,true,true,true,46,true,true,Avanzada,-58036.0,-82820.0,12564.0,10780.0,71470.0,94160.0,73,96,10,10,6282,5390
7,242526,166,Aleatorio,HilllClimbing,false,true,true,true,46,true,true,Basica,-58906.0,-83390.0,12564.0,10780.0,71470.0,94170.0,73,96,10,10,6282,5390
7,242526,167,Aleatorio,HilllClimbing,false,true,true,true,46,true,true,Avanzada,-58036.0,-82820.0,12564.0,10780.0,71470.0,94160.0,73,96,10,10,6282,5390
7,242526,156,Aleatorio,HilllClimbing,false,true,true,true,46,true,true,Basica,-58906.0,-83390.0,12564.0,10780.0,71470.0,94170.0,73,96,10,10,6282,5390
7,242526,2257,Aleatorio,HilllClimbing,true,true,false,false,94,true,true,Avanzada,-58036.0,-91928.0,12564.0,5672.0,71470.0,97920.0,73,100,10,10,6282,2836
7,242526,2042,Aleatorio,HilllClimbing,true,true,false,false,104,true,true,Basica,-58906.0,-92588.0,12564.0,5872.0,71470.0,98460.0,73,100,10,10,6282,2936
7,242526,2190,Aleatorio,HilllClimbing,true,true,false,false,94,true,true,Avanzada,-58036.0,-91928.0,12564.0,5672.0,71470.0,97920.0,73,100,10,10,6282,2836
7,242526,2165,Aleatorio,HilllClimbing,true,true,false,false,104,true,true,Basica,-58906.0,-92588.0,12564.0,5872.0,71470.0,98460.0,73,100,10,10,6282,2936
7,242526,2149,Aleatorio,HilllClimbing,true,true,false,false,94,true,true,Avanzada,-58036.0,-91928.0,12564.0,5672.0,71470.0,97920.0,73,100,10,10,6282,2836
7,242526,2043,Aleatorio,HilllClimbing,true,true,false,false,104,true,true,Basica,-58906.0,-92588.0,12564.0,5872.0,71470.0,98460.0,73,100,10,10,6282,2936
7,242526,2087,Aleatorio,HilllClimbing,true,true,false,false,94,true,true,Avanzada,-58036.0,-91928.0,12564.0,5672.0,71470.0,97920.0,73,100,10,10,6282,2836
7,242526,2092,Aleatorio,HilllClimbing,true,true,false,false,104,true,true,Basica,-58906.0,-92588.0,12564.0,5872.0,71470.0,98460.0,73,100,10,10,6282,2936
7,242526,2100,Aleatorio,HilllClimbing,true,true,false,false,94,true,true,Avanzada,-58036.0,-91928.0,12564.0,5672.0,71470.0,97920.0,73,100,10,10,6282,2836
7,242526,2084,Aleatorio,HilllClimbing,true,true,false,false,104,true,true,Basica,-58906.0,-92588.0,12564.0,5872.0,71470.0,98460.0,73,100,10,10,6282,2936
7,242526,2776,Aleatorio,HilllClimbing,true,true,true,true,101,true,true,Avanzada,-58036.0,-92660.0,12564.0,4940.0,71470.0,97940.0,73,100,10,10,6282,2470
7,242526,2458,Aleatorio,HilllClimbing,true,true,true,true,106,true,true,Basica,-58906.0,-93244.0,12564.0,5156.0,71470.0,98400.0,73,100,10,10,6282,2578
7,242526,2840,Aleatorio,HilllClimbing,true,true,true,true,101,true,true,Avanzada,-58036.0,-92660.0,12564.0,4940.0,71470.0,97940.0,73,100,10,10,6282,2470
7,242526,2444,Aleatorio,HilllClimbing,true,true,true,true,106,true,true,Basica,-58906.0,-93244.0,12564.0,5156.0,71470.0,98400.0,73,100,10,10,6282,2578
7,242526,2722,Aleatorio,HilllClimbing,true,true,true,true,101,true,true,Avanzada,-58036.0,-92660.0,12564.0,4940.0,71470.0,97940.0,73,100,10,10,6282,2470
7,242526,2418,Aleatorio,HilllClimbing,true,true,true,true,106,true,true,Basica,-58906.0,-93244.0,12564.0,5156.0,71470.0,98400.0,73,100,10,10,6282,2578
7,242526,2732,Aleatorio,HilllClimbing,true,true,true,true,101,true,true,Avanzada,-58036.0,-92660.0,12564.0,4940.0,71470.0,97940.0,73,100,10,10,6282,2470
7,242526,2465,Aleatorio,HilllClimbing,true,true,true,true,106,true,true,Basica,-58906.0,-93244.0,12564.0,5156.0,71470.0,98400.0,73,100,10,10,6282,2578
7,242526,2736,Aleatorio,HilllClimbing,true,true,true,true,101,true,true,Avanzada,-58036.0,-92660.0,12564.0,4940.0,71470.0,97940.0,73,100,10,10,6282,2470
7,242526,2457,Aleatorio,HilllClimbing,true,true,true,true,106,true,true,Basica,-58906.0,-93244.0,12564.0,5156.0,71470.0,98400.0,73,100,10,10,6282,2578
8,669610,2268,Aleatorio,HilllClimbing,true,false,false,false,85,true,true,Avanzada,-68548.0,-77532.0,12572.0,3588.0,82150.0,82100.0,84,84,10,10,6286,1794
8,669610,1526,Aleatorio,HilllClimbing,true,false,false,false,81,true,true,Basica,-69578.0,-78686.0,12572.0,3924.0,82150.0,82610.0,84,84,10,10,6286,1962
8,669610,2481,Aleatorio,HilllClimbing,true,false,false,false,85,true,true,Avanzada,-68548.0,-77532.0,12572.0,3588.0,82150.0,82100.0,84,84,10,10,6286,1794
8,669610,1527,Aleatorio,HilllClimbing,true,false,false,false,81,true,true,Basica,-69578.0,-78686.0,12572.0,3924.0,82150.0,82610.0,84,84,10,10,6286,1962
8,669610,2367,Aleatorio,HilllClimbing,true,false,false,false,85,true,true,Avanzada,-68548.0,-77532.0,12572.0,3588.0,82150.0,82100.0,84,84,10,10,6286,1794
8,669610,1533,Aleatorio,HilllClimbing,true,false,false,false,81,true,true,Basica,-69578.0,-78686.0,12572.0,3924.0,82150.0,82610.0,84,84,10,10,6286,1962
8,669610,2121,Aleatorio,HilllClimbing,true,false,false,false,85,true,true,Avanzada,-68548.0,-77532.0,12572.0,3588.0,82150.0,82100.0,84,84,10,10,6286,1794
8,669610,1669,Aleatorio,HilllClimbing,true,false,false,false,81,true,true,Basica,-69578.0,-78686.0,12572.0,3924.0,82150.0,82610.0,84,84,10,10,6286,1962
8,669610,2122,Aleatorio,HilllClimbing,true,false,false,false,85,true,true,Avanzada,-68548.0,-77532.0,12572.0,3588.0,82150.0,82100.0,84,84,10,10,6286,1794
8,669610,1532,Aleatorio,HilllClimbing,true,false,false,false,81,true,true,Basica,-69578.0,-78686.0,12572.0,3924.0,82150.0,82610.0,84,84,10,10,6286,1962
8,669610,12,Aleatorio,HilllClimbing,false,true,false,false,5,true,true,Avanzada,-68548.0,-72488.0,12572.0,12632.0,82150.0,86110.0,84,88,10,10,6286,6316
8,669610,12,Aleatorio,HilllClimbing,false,true,false,false,5,true,true,Basica,-69578.0,-73478.0,12572.0,12632.0,82150.0,86110.0,84,88,10,10,6286,6316
8,669610,13,Aleatorio,HilllClimbing,false,true,false,false,5,true,true,Avanzada,-68548.0,-72488.0,12572.0,12632.0,82150.0,86110.0,84,88,10,10,6286,6316
8,669610,11,Aleatorio,HilllClimbing,false,true,false,false,5,true,true,Basica,-69578.0,-73478.0,12572.0,12632.0,82150.0,86110.0,84,88,10,10,6286,6316
8,669610,23,Aleatorio,HilllClimbing,false,true,false,false,5,true,true,Avanzada,-68548.0,-72488.0,12572.0,12632.0,82150.0,86110.0,84,88,10,10,6286,6316
8,669610,26,Aleatorio,HilllClimbing,false,true,false,false,5,true,true,Basica,-69578.0,-73478.0,12572.0,12632.0,82150.0,86110.0,84,88,10,10,6286,6316
8,669610,28,Aleatorio,HilllClimbing,false,true,false,false,5,true,true,Avanzada,-68548.0,-72488.0,12572.0,12632.0,82150.0,86110.0,84,88,10,10,6286,6316
8,669610,18,Aleatorio,HilllClimbing,false,true,false,false,5,true,true,Basica,-69578.0,-73478.0,12572.0,12632.0,82150.0,86110.0,84,88,10,10,6286,6316
8,669610,15,Aleatorio,HilllClimbing,false,true,false,false,5,true,true,Avanzada,-68548.0,-72488.0,12572.0,12632.0,82150.0,86110.0,84,88,10,10,6286,6316
8,669610,12,Aleatorio,HilllClimbing,false,true,false,false,5,true,true,Basica,-69578.0,-73478.0,12572.0,12632.0,82150.0,86110.0,84,88,10,10,6286,6316
8,669610,76,Aleatorio,HilllClimbing,false,false,true,false,28,true,true,Avanzada,-68548.0,-71524.0,12572.0,9596.0,82150.0,82150.0,84,84,10,10,6286,4798
8,669610,65,Aleatorio,HilllClimbing,false,false,true,false,28,true,true,Basica,-69578.0,-72554.0,12572.0,9596.0,82150.0,82150.0,84,84,10,10,6286,4798
8,669610,88,Aleatorio,HilllClimbing,false,false,true,false,28,true,true,Avanzada,-68548.0,-71524.0,12572.0,9596.0,82150.0,82150.0,84,84,10,10,6286,4798
8,669610,68,Aleatorio,HilllClimbing,false,false,true,false,28,true,true,Basica,-69578.0,-72554.0,12572.0,9596.0,82150.0,82150.0,84,84,10,10,6286,4798
8,669610,84,Aleatorio,HilllClimbing,false,false,true,false,28,true,true,Avanzada,-68548.0,-71524.0,12572.0,9596.0,82150.0,82150.0,84,84,10,10,6286,4798
8,669610,76,Aleatorio,HilllClimbing,false,false,true,false,28,true,true,Basica,-69578.0,-72554.0,12572.0,9596.0,82150.0,82150.0,84,84,10,10,6286,4798
8,669610,95,Aleatorio,HilllClimbing,false,false,true,false,28,true,true,Avanzada,-68548.0,-71524.0,12572.0,9596.0,82150.0,82150.0,84,84,10,10,6286,4798
8,669610,63,Aleatorio,HilllClimbing,false,false,true,false,28,true,true,Basica,-69578.0,-72554.0,12572.0,9596.0,82150.0,82150.0,84,84,10,10,6286,4798
8,669610,73,Aleatorio,HilllClimbing,false,false,true,false,28,true,true,Avanzada,-68548.0,-71524.0,12572.0,9596.0,82150.0,82150.0,84,84,10,10,6286,4798
8,669610,65,Aleatorio,HilllClimbing,false,false,true,false,28,true,true,Basica,-69578.0,-72554.0,12572.0,9596.0,82150.0,82150.0,84,84,10,10,6286,4798
8,669610,2508,Aleatorio,HilllClimbing,true,false,true,true,78,true,true,Avanzada,-68548.0,-77944.0,12572.0,3176.0,82150.0,82030.0,84,84,10,10,6286,1588
8,669610,1820,Aleatorio,HilllClimbing,true,false,true,true,77,true,true,Basica,-69578.0,-79184.0,12572.0,3416.0,82150.0,82600.0,84,84,10,10,6286,1708
8,669610,2527,Aleatorio,HilllClimbing,true,false,true,true,78,true,true,Avanzada,-68548.0,-77944.0,12572.0,3176.0,82150.0,82030.0,84,84,10,10,6286,1588
8,669610,1822,Aleatorio,HilllClimbing,true,false,true,true,77,true,true,Basica,-69578.0,-79184.0,12572.0,3416.0,82150.0,82600.0,84,84,10,10,6286,1708
8,669610,2560,Aleatorio,HilllClimbing,true,false,true,true,78,true,true,Avanzada,-68548.0,-77944.0,12572.0,3176.0,82150.0,82030.0,84,84,10,10,6286,1588
8,669610,1818,Aleatorio,HilllClimbing,true,false,true,true,77,true,true,Basica,-69578.0,-79184.0,12572.0,3416.0,82150.0,82600.0,84,84,10,10,6286,1708
8,669610,2635,Aleatorio,HilllClimbing,true,false,true,true,78,true,true,Avanzada,-68548.0,-77944.0,12572.0,3176.0,82150.0,82030.0,84,84,10,10,6286,1588
8,669610,1822,Aleatorio,HilllClimbing,true,false,true,true,77,true,true,Basica,-69578.0,-79184.0,12572.0,3416.0,82150.0,82600.0,84,84,10,10,6286,1708
8,669610,2516,Aleatorio,HilllClimbing,true,false,true,true,78,true,true,Avanzada,-68548.0,-77944.0,12572.0,3176.0,82150.0,82030.0,84,84,10,10,6286,1588
8,669610,1905,Aleatorio,HilllClimbing,true,false,true,true,77,true,true,Basica,-69578.0,-79184.0,12572.0,3416.0,82150.0,82600.0,84,84,10,10,6286,1708
8,669610,119,Aleatorio,HilllClimbing,false,true,true,true,39,true,true,Avanzada,-68548.0,-85748.0,12572.0,10372.0,82150.0,96760.0,84,99,10,10,6286,5186
8,669610,116,Aleatorio,HilllClimbing,false,true,true,true,43,true,true,Basica,-69578.0,-87720.0,12572.0,10200.0,82150.0,97920.0,84,100,10,10,6286,5100
8,669610,116,Aleatorio,HilllClimbing,false,true,true,true,39,true,true,Avanzada,-68548.0,-85748.0,12572.0,10372.0,82150.0,96760.0,84,99,10,10,6286,5186
8,669610,116,Aleatorio,HilllClimbing,false,true,true,true,43,true,true,Basica,-69578.0,-87720.0,12572.0,10200.0,82150.0,97920.0,84,100,10,10,6286,5100
8,669610,120,Aleatorio,HilllClimbing,false,true,true,true,39,true,true,Avanzada,-68548.0,-85748.0,12572.0,10372.0,82150.0,96760.0,84,99,10,10,6286,5186
8,669610,117,Aleatorio,HilllClimbing,false,true,true,true,43,true,true,Basica,-69578.0,-87720.0,12572.0,10200.0,82150.0,97920.0,84,100,10,10,6286,5100
8,669610,119,Aleatorio,HilllClimbing,false,true,true,true,39,true,true,Avanzada,-68548.0,-85748.0,12572.0,10372.0,82150.0,96760.0,84,99,10,10,6286,5186
8,669610,113,Aleatorio,HilllClimbing,false,true,true,true,43,true,true,Basica,-69578.0,-87720.0,12572.0,10200.0,82150.0,97920.0,84,100,10,10,6286,5100
8,669610,116,Aleatorio,HilllClimbing,false,true,true,true,39,true,true,Avanzada,-68548.0,-85748.0,12572.0,10372.0,82150.0,96760.0,84,99,10,10,6286,5186
8,669610,115,Aleatorio,HilllClimbing,false,true,true,true,43,true,true,Basica,-69578.0,-87720.0,12572.0,10200.0,82150.0,97920.0,84,100,10,10,6286,5100
8,669610,2548,Aleatorio,HilllClimbing,true,true,false,false,93,true,true,Avanzada,-68548.0,-92316.0,12572.0,4804.0,82150.0,97740.0,84,100,10,10,6286,2402
8,669610,1931,Aleatorio,HilllClimbing,true,true,false,false,96,true,true,Basica,-69578.0,-93098.0,12572.0,5072.0,82150.0,98170.0,84,100,10,10,6286,2536
8,669610,2388,Aleatorio,HilllClimbing,true,true,false,false,93,true,true,Avanzada,-68548.0,-92316.0,12572.0,4804.0,82150.0,97740.0,84,100,10,10,6286,2402
8,669610,2222,Aleatorio,HilllClimbing,true,true,false,false,96,true,true,Basica,-69578.0,-93098.0,12572.0,5072.0,82150.0,98170.0,84,100,10,10,6286,2536
8,669610,2281,Aleatorio,HilllClimbing,true,true,false,false,93,true,true,Avanzada,-68548.0,-92316.0,12572.0,4804.0,82150.0,97740.0,84,100,10,10,6286,2402
8,669610,2343,Aleatorio,HilllClimbing,true,true,false,false,96,true,true,Basica,-69578.0,-93098.0,12572.0,5072.0,82150.0,98170.0,84,100,10,10,6286,2536
8,669610,2376,Aleatorio,HilllClimbing,true,true,false,false,93,true,true,Avanzada,-68548.0,-92316.0,12572.0,4804.0,82150.0,97740.0,84,100,10,10,6286,2402
8,669610,2196,Aleatorio,HilllClimbing,true,true,false,false,96,true,true,Basica,-69578.0,-93098.0,12572.0,5072.0,82150.0,98170.0,84,100,10,10,6286,2536
8,669610,2298,Aleatorio,HilllClimbing,true,true,false,false,93,true,true,Avanzada,-68548.0,-92316.0,12572.0,4804.0,82150.0,97740.0,84,100,10,10,6286,2402
8,669610,2247,Aleatorio,HilllClimbing,true,true,false,false,96,true,true,Basica,-69578.0,-93098.0,12572.0,5072.0,82150.0,98170.0,84,100,10,10,6286,2536
8,669610,2903,Aleatorio,HilllClimbing,true,true,true,true,93,true,true,Avanzada,-68548.0,-92852.0,12572.0,4268.0,82150.0,97770.0,84,100,10,10,6286,2134
8,669610,2803,Aleatorio,HilllClimbing,true,true,true,true,101,true,true,Basica,-69578.0,-93808.0,12572.0,4432.0,82150.0,98240.0,84,100,10,10,6286,2216
8,669610,2989,Aleatorio,HilllClimbing,true,true,true,true,93,true,true,Avanzada,-68548.0,-92852.0,12572.0,4268.0,82150.0,97770.0,84,100,10,10,6286,2134
8,669610,2921,Aleatorio,HilllClimbing,true,true,true,true,101,true,true,Basica,-69578.0,-93808.0,12572.0,4432.0,82150.0,98240.0,84,100,10,10,6286,2216
8,669610,2915,Aleatorio,HilllClimbing,true,true,true,true,93,true,true,Avanzada,-68548.0,-92852.0,12572.0,4268.0,82150.0,97770.0,84,100,10,10,6286,2134
8,669610,2603,Aleatorio,HilllClimbing,true,true,true,true,101,true,true,Basica,-69578.0,-93808.0,12572.0,4432.0,82150.0,98240.0,84,100,10,10,6286,2216
8,669610,2704,Aleatorio,HilllClimbing,true,true,true,true,93,true,true,Avanzada,-68548.0,-92852.0,12572.0,4268.0,82150.0,97770.0,84,100,10,10,6286,2134
8,669610,2414,Aleatorio,HilllClimbing,true,true,true,true,101,true,true,Basica,-69578.0,-93808.0,12572.0,4432.0,82150.0,98240.0,84,100,10,10,6286,2216
8,669610,2673,Aleatorio,HilllClimbing,true,true,true,true,93,true,true,Avanzada,-68548.0,-92852.0,12572.0,4268.0,82150.0,97770.0,84,100,10,10,6286,2134
8,669610,2397,Aleatorio,HilllClimbing,true,true,true,true,101,true,true,Basica,-69578.0,-93808.0,12572.0,4432.0,82150.0,98240.0,84,100,10,10,6286,2216
9,303132,1943,Aleatorio,HilllClimbing,true,false,false,false,84,true,true,Avanzada,-67702.0,-76670.0,12668.0,3700.0,81530.0,81360.0,83,83,10,10,6334,1850
9,303132,1221,Aleatorio,HilllClimbing,true,false,false,false,68,true,true,Basica,-68862.0,-77330.0,12668.0,4340.0,81530.0,81670.0,83,83,10,10,6334,2170
9,303132,1979,Aleatorio,HilllClimbing,true,false,false,false,84,true,true,Avanzada,-67702.0,-76670.0,12668.0,3700.0,81530.0,81360.0,83,83,10,10,6334,1850
9,303132,1202,Aleatorio,HilllClimbing,true,false,false,false,68,true,true,Basica,-68862.0,-77330.0,12668.0,4340.0,81530.0,81670.0,83,83,10,10,6334,2170
9,303132,1955,Aleatorio,HilllClimbing,true,false,false,false,84,true,true,Avanzada,-67702.0,-76670.0,12668.0,3700.0,81530.0,81360.0,83,83,10,10,6334,1850
9,303132,1232,Aleatorio,HilllClimbing,true,false,false,false,68,true,true,Basica,-68862.0,-77330.0,12668.0,4340.0,81530.0,81670.0,83,83,10,10,6334,2170
9,303132,1935,Aleatorio,HilllClimbing,true,false,false,false,84,true,true,Avanzada,-67702.0,-76670.0,12668.0,3700.0,81530.0,81360.0,83,83,10,10,6334,1850
9,303132,1206,Aleatorio,HilllClimbing,true,false,false,false,68,true,true,Basica,-68862.0,-77330.0,12668.0,4340.0,81530.0,81670.0,83,83,10,10,6334,2170
9,303132,1961,Aleatorio,HilllClimbing,true,false,false,false,84,true,true,Avanzada,-67702.0,-76670.0,12668.0,3700.0,81530.0,81360.0,83,83,10,10,6334,1850
9,303132,1186,Aleatorio,HilllClimbing,true,false,false,false,68,true,true,Basica,-68862.0,-77330.0,12668.0,4340.0,81530.0,81670.0,83,83,10,10,6334,2170
9,303132,5,Aleatorio,HilllClimbing,false,true,false,false,2,true,true,Avanzada,-67702.0,-68702.0,12668.0,12668.0,81530.0,82510.0,83,84,10,10,6334,6334
9,303132,5,Aleatorio,HilllClimbing,false,true,false,false,2,true,true,Basica,-68862.0,-69852.0,12668.0,12668.0,81530.0,82520.0,83,84,10,10,6334,6334
9,303132,4,Aleatorio,HilllClimbing,false,true,false,false,2,true,true,Avanzada,-67702.0,-68702.0,12668.0,12668.0,81530.0,82510.0,83,84,10,10,6334,6334
9,303132,4,Aleatorio,HilllClimbing,false,true,false,false,2,true,true,Basica,-68862.0,-69852.0,12668.0,12668.0,81530.0,82520.0,83,84,10,10,6334,6334
9,303132,5,Aleatorio,HilllClimbing,false,true,false,false,2,true,true,Avanzada,-67702.0,-68702.0,12668.0,12668.0,81530.0,82510.0,83,84,10,10,6334,6334
9,303132,5,Aleatorio,HilllClimbing,false,true,false,false,2,true,true,Basica,-68862.0,-69852.0,12668.0,12668.0,81530.0,82520.0,83,84,10,10,6334,6334
9,303132,5,Aleatorio,HilllClimbing,false,true,false,false,2,true,true,Avanzada,-67702.0,-68702.0,12668.0,12668.0,81530.0,82510.0,83,84,10,10,6334,6334
9,303132,6,Aleatorio,HilllClimbing,false,true,false,false,2,true,true,Basica,-68862.0,-69852.0,12668.0,12668.0,81530.0,82520.0,83,84,10,10,6334,6334
9,303132,5,Aleatorio,HilllClimbing,false,true,false,false,2,true,true,Avanzada,-67702.0,-68702.0,12668.0,12668.0,81530.0,82510.0,83,84,10,10,6334,6334
9,303132,5,Aleatorio,HilllClimbing,false,true,false,false,2,true,true,Basica,-68862.0,-69852.0,12668.0,12668.0,81530.0,82520.0,83,84,10,10,6334,6334
9,303132,40,Aleatorio,HilllClimbing,false,false,true,false,19,true,true,Avanzada,-67702.0,-69914.0,12668.0,10456.0,81530.0,81530.0,83,83,10,10,6334,5228
9,303132,34,Aleatorio,HilllClimbing,false,false,true,false,19,true,true,Basica,-68862.0,-71074.0,12668.0,10456.0,81530.0,81530.0,83,83,10,10,6334,5228
9,303132,41,Aleatorio,HilllClimbing,false,false,true,false,19,true,true,Avanzada,-67702.0,-69914.0,12668.0,10456.0,81530.0,81530.0,83,83,10,10,6334,5228
9,303132,36,Aleatorio,HilllClimbing,false,false,true,false,19,true,true,Basica,-68862.0,-71074.0,12668.0,10456.0,81530.0,81530.0,83,83,10,10,6334,5228
9,303132,38,Aleatorio,HilllClimbing,false,false,true,false,19,true,true,Avanzada,-67702.0,-69914.0,12668.0,10456.0,81530.0,81530.0,83,83,10,10,6334,5228
9,303132,34,Aleatorio,HilllClimbing,false,false,true,false,19,true,true,Basica,-68862.0,-71074.0,12668.0,10456.0,81530.0,81530.0,83,83,10,10,6334,5228
9,303132,39,Aleatorio,HilllClimbing,false,false,true,false,19,true,true,Avanzada,-67702.0,-69914.0,12668.0,10456.0,81530.0,81530.0,83,83,10,10,6334,5228
9,303132,33,Aleatorio,HilllClimbing,false,false,true,false,19,true,true,Basica,-68862.0,-71074.0,12668.0,10456.0,81530.0,81530.0,83,83,10,10,6334,5228
9,303132,40,Aleatorio,HilllClimbing,false,false,true,false,19,true,true,Avanzada,-67702.0,-69914.0,12668.0,10456.0,81530.0,81530.0,83,83,10,10,6334,5228
9,303132,33,Aleatorio,HilllClimbing,false,false,true,false,19,true,true,Basica,-68862.0,-71074.0,12668.0,10456.0,81530.0,81530.0,83,83,10,10,6334,5228
9,303132,2156,Aleatorio,HilllClimbing,true,false,true,true,79,true,true,Avanzada,-67702.0,-76838.0,12668.0,3532.0,81530.0,81290.0,83,83,10,10,6334,1766
9,303132,1600,Aleatorio,HilllClimbing,true,false,true,true,74,true,true,Basica,-68862.0,-77934.0,12668.0,3796.0,81530.0,81730.0,83,83,10,10,6334,1898
9,303132,2177,Aleatorio,HilllClimbing,true,false,true,true,79,true,true,Avanzada,-67702.0,-76838.0,12668.0,3532.0,81530.0,81290.0,83,83,10,10,6334,1766
9,303132,1546,Aleatorio,HilllClimbing,true,false,true,true,74,true,true,Basica,-68862.0,-77934.0,12668.0,3796.0,81530.0,81730.0,83,83,10,10,6334,1898
9,303132,2280,Aleatorio,HilllClimbing,true,false,true,true,79,true,true,Avanzada,-67702.0,-76838.0,12668.0,3532.0,81530.0,81290.0,83,83,10,10,6334,1766
9,303132,1599,Aleatorio,HilllClimbing,true,false,true,true,74,true,true,Basica,-68862.0,-77934.0,12668.0,3796.0,81530.0,81730.0,83,83,10,10,6334,1898
9,303132,2240,Aleatorio,HilllClimbing,true,false,true,true,79,true,true,Avanzada,-67702.0,-76838.0,12668.0,3532.0,81530.0,81290.0,83,83,10,10,6334,1766
9,303132,1589,Aleatorio,HilllClimbing,true,false,true,true,74,true,true,Basica,-68862.0,-77934.0,12668.0,3796.0,81530.0,81730.0,83,83,10,10,6334,1898
9,303132,2375,Aleatorio,HilllClimbing,true,false,true,true,79,true,true,Avanzada,-67702.0,-76838.0,12668.0,3532.0,81530.0,81290.0,83,83,10,10,6334,1766
9,303132,1770,Aleatorio,HilllClimbing,true,false,true,true,74,true,true,Basica,-68862.0,-77934.0,12668.0,3796.0,81530.0,81730.0,83,83,10,10,6334,1898
9,303132,118,Aleatorio,HilllClimbing,false,true,true,true,34,true,true,Avanzada,-67702.0,-82202.0,12668.0,11168.0,81530.0,94210.0,83,96,10,10,6334,5584
9,303132,111,Aleatorio,HilllClimbing,false,true,true,true,34,true,true,Basica,-68862.0,-83114.0,12668.0,11176.0,81530.0,94290.0,83,96,10,10,6334,5588
9,303132,113,Aleatorio,HilllClimbing,false,true,true,true,34,true,true,Avanzada,-67702.0,-82202.0,12668.0,11168.0,81530.0,94210.0,83,96,10,10,6334,5584
9,303132,107,Aleatorio,HilllClimbing,false,true,true,true,34,true,true,Basica,-68862.0,-83114.0,12668.0,11176.0,81530.0,94290.0,83,96,10,10,6334,5588
9,303132,116,Aleatorio,HilllClimbing,false,true,true,true,34,true,true,Avanzada,-67702.0,-82202.0,12668.0,11168.0,81530.0,94210.0,83,96,10,10,6334,5584
9,303132,123,Aleatorio,HilllClimbing,false,true,true,true,34,true,true,Basica,-68862.0,-83114.0,12668.0,11176.0,81530.0,94290.0,83,96,10,10,6334,5588
9,303132,120,Aleatorio,HilllClimbing,false,true,true,true,34,true,true,Avanzada,-67702.0,-82202.0,12668.0,11168.0,81530.0,94210.0,83,96,10,10,6334,5584
9,303132,108,Aleatorio,HilllClimbing,false,true,true,true,34,true,true,Basica,-68862.0,-83114.0,12668.0,11176.0,81530.0,94290.0,83,96,10,10,6334,5588
9,303132,119,Aleatorio,HilllClimbing,false,true,true,true,34,true,true,Avanzada,-67702.0,-82202.0,12668.0,11168.0,81530.0,94210.0,83,96,10,10,6334,5584
9,303132,111,Aleatorio,HilllClimbing,false,true,true,true,34,true,true,Basica,-68862.0,-83114.0,12668.0,11176.0,81530.0,94290.0,83,96,10,10,6334,5588
9,303132,2263,Aleatorio,HilllClimbing,true,true,false,false,93,true,true,Avanzada,-67702.0,-92026.0,12668.0,5344.0,81530.0,97960.0,83,100,10,10,6334,2672
9,303132,1704,Aleatorio,HilllClimbing,true,true,false,false,82,true,true,Basica,-68862.0,-92498.0,12668.0,5852.0,81530.0,98350.0,83,100,10,10,6334,2926
9,303132,2269,Aleatorio,HilllClimbing,true,true,false,false,93,true,true,Avanzada,-67702.0,-92026.0,12668.0,5344.0,81530.0,97960.0,83,100,10,10,6334,2672
9,303132,1628,Aleatorio,HilllClimbing,true,true,false,false,82,true,true,Basica,-68862.0,-92498.0,12668.0,5852.0,81530.0,98350.0,83,100,10,10,6334,2926
9,303132,2178,Aleatorio,HilllClimbing,true,true,false,false,93,true,true,Avanzada,-67702.0,-92026.0,12668.0,5344.0,81530.0,97960.0,83,100,10,10,6334,2672
9,303132,1595,Aleatorio,HilllClimbing,true,true,false,false,82,true,true,Basica,-68862.0,-92498.0,12668.0,5852.0,81530.0,98350.0,83,100,10,10,6334,2926
9,303132,2246,Aleatorio,HilllClimbing,true,true,false,false,93,true,true,Avanzada,-67702.0,-92026.0,12668.0,5344.0,81530.0,97960.0,83,100,10,10,6334,2672
9,303132,1616,Aleatorio,HilllClimbing,true,true,false,false,82,true,true,Basica,-68862.0,-92498.0,12668.0,5852.0,81530.0,98350.0,83,100,10,10,6334,2926
9,303132,2146,Aleatorio,HilllClimbing,true,true,false,false,93,true,true,Avanzada,-67702.0,-92026.0,12668.0,5344.0,81530.0,97960.0,83,100,10,10,6334,2672
9,303132,1662,Aleatorio,HilllClimbing,true,true,false,false,82,true,true,Basica,-68862.0,-92498.0,12668.0,5852.0,81530.0,98350.0,83,100,10,10,6334,2926
9,303132,2678,Aleatorio,HilllClimbing,true,true,true,true,93,true,true,Avanzada,-67702.0,-92510.0,12668.0,4860.0,81530.0,97980.0,83,100,10,10,6334,2430
9,303132,2269,Aleatorio,HilllClimbing,true,true,true,true,94,true,true,Basica,-68862.0,-93348.0,12668.0,4952.0,81530.0,98300.0,83,100,10,10,6334,2476
9,303132,2543,Aleatorio,HilllClimbing,true,true,true,true,93,true,true,Avanzada,-67702.0,-92510.0,12668.0,4860.0,81530.0,97980.0,83,100,10,10,6334,2430
9,303132,2207,Aleatorio,HilllClimbing,true,true,true,true,94,true,true,Basica,-68862.0,-93348.0,12668.0,4952.0,81530.0,98300.0,83,100,10,10,6334,2476
9,303132,2570,Aleatorio,HilllClimbing,true,true,true,true,93,true,true,Avanzada,-67702.0,-92510.0,12668.0,4860.0,81530.0,97980.0,83,100,10,10,6334,2430
9,303132,2234,Aleatorio,HilllClimbing,true,true,true,true,94,true,true,Basica,-68862.0,-93348.0,12668.0,4952.0,81530.0,98300.0,83,100,10,10,6334,2476
9,303132,2562,Aleatorio,HilllClimbing,true,true,true,true,93,true,true,Avanzada,-67702.0,-92510.0,12668.0,4860.0,81530.0,97980.0,83,100,10,10,6334,2430
9,303132,2137,Aleatorio,HilllClimbing,true,true,true,true,94,true,true,Basica,-68862.0,-93348.0,12668.0,4952.0,81530.0,98300.0,83,100,10,10,6334,2476
9,303132,2514,Aleatorio,HilllClimbing,true,true,true,true,93,true,true,Avanzada,-67702.0,-92510.0,12668.0,4860.0,81530.0,97980.0,83,100,10,10,6334,2430
9,303132,2149,Aleatorio,HilllClimbing,true,true,true,true,94,true,true,Basica,-68862.0,-93348.0,12668.0,4952.0,81530.0,98300.0,83,100,10,10,6334,2476
